{
  "PillarVFE": 2.076732917333276,
  "PointPillarScatter": 2.3050075383001336,
  "BaseBEVBackbone": 8.935336022263623,
  "AnchorHeadSingle": 2.910860855379451,
  "post_processing": 3.01921289405775
}