{
  "PillarVFE": 1.608246827006191,
  "PointPillarScatter": 0.8488955584276603,
  "BaseBEVBackbone": 7.144509196132235,
  "AnchorHeadSingle": 2.656863442350538,
  "post_processing": 2.8528087312199446
}