{
  "metrics": {
    "recall/roi_0.3": 0.0,
    "recall/rcnn_0.3": 0.9303097345132744,
    "recall/roi_0.5": 0.0,
    "recall/rcnn_0.5": 0.8761061946902655,
    "recall/roi_0.7": 0.0,
    "recall/rcnn_0.7": 0.620575221238938,
    "Car_aos/easy_R40": 95.13626726855145,
    "Car_aos/moderate_R40": 91.69390445376308,
    "Car_aos/hard_R40": 89.89381528260185,
    "Car_3d/easy_R40": 84.73169362045765,
    "Car_3d/moderate_R40": 76.64737593375116,
    "Car_3d/hard_R40": 74.91721283420232,
    "Car_bev/easy_R40": 90.04050643020213,
    "Car_bev/moderate_R40": 85.66911333329395,
    "Car_bev/hard_R40": 84.44020404717912,
    "Car_image/easy_R40": 95.14761364893283,
    "Car_image/moderate_R40": 91.8760746748278,
    "Car_image/hard_R40": 90.13425103613244,
    "Pedestrian_aos/easy_R40": 53.98131699925778,
    "Pedestrian_aos/moderate_R40": 42.85537039334771,
    "Pedestrian_aos/hard_R40": 38.84839046664488,
    "Pedestrian_3d/easy_R40": 69.42701257004279,
    "Pedestrian_3d/moderate_R40": 57.500499916005964,
    "Pedestrian_3d/hard_R40": 50.615480690256746,
    "Pedestrian_bev/easy_R40": 70.73015730187721,
    "Pedestrian_bev/moderate_R40": 59.93751972598649,
    "Pedestrian_bev/hard_R40": 52.28866865927275,
    "Pedestrian_image/easy_R40": 69.52918196799563,
    "Pedestrian_image/moderate_R40": 64.04658398623745,
    "Pedestrian_image/hard_R40": 59.418491045672674,
    "Cyclist_aos/easy_R40": 28.516801648207675,
    "Cyclist_aos/moderate_R40": 43.381462431288504,
    "Cyclist_aos/hard_R40": 49.04911663946461,
    "Cyclist_3d/easy_R40": 27.789440690212075,
    "Cyclist_3d/moderate_R40": 40.19385034501606,
    "Cyclist_3d/hard_R40": 42.66947472395642,
    "Cyclist_bev/easy_R40": 27.789440690212075,
    "Cyclist_bev/moderate_R40": 40.19385034501606,
    "Cyclist_bev/hard_R40": 42.66947472395642,
    "Cyclist_image/easy_R40": 28.605019262346847,
    "Cyclist_image/moderate_R40": 44.01992775944205,
    "Cyclist_image/hard_R40": 49.72082525727418
  },
  "cfg_file": "/home/nas/polin/cmu-berlin/MLS/OpenPCDet/tools/cfgs/kitti_models/pointpillar.yaml",
  "ckpt": "/home/nas/polin/cmu-berlin/MLS/OpenPCDet/tools/ckpt/pointpillar_7728.pth",
  "eval_result_dir": "/home/nas/polin/cmu-berlin/MLS/profile_outputs/research_matrix/M3_FP32/kitti_eval_run"
}