{
  "metrics": {
    "recall/roi_0.3": 0.0,
    "recall/rcnn_0.3": 0.9420759697039247,
    "recall/roi_0.5": 0.0,
    "recall/rcnn_0.5": 0.8972056460867569,
    "recall/roi_0.7": 0.0,
    "recall/rcnn_0.7": 0.6876291025935276,
    "Car_aos/easy_R40": 97.66322930073542,
    "Car_aos/moderate_R40": 94.91082693460561,
    "Car_aos/hard_R40": 93.7721340312203,
    "Car_3d/easy_R40": 91.76685804077445,
    "Car_3d/moderate_R40": 84.80459395531274,
    "Car_3d/hard_R40": 81.45809364231759,
    "Car_bev/easy_R40": 95.15071766861729,
    "Car_bev/moderate_R40": 91.50893854149797,
    "Car_bev/hard_R40": 88.77549739215628,
    "Car_image/easy_R40": 97.68446743869272,
    "Car_image/moderate_R40": 95.05546569852221,
    "Car_image/hard_R40": 94.01150633906545,
    "Pedestrian_aos/easy_R40": 51.974147528193605,
    "Pedestrian_aos/moderate_R40": 47.63041361092555,
    "Pedestrian_aos/hard_R40": 44.95549277907444,
    "Pedestrian_3d/easy_R40": 60.334437926266446,
    "Pedestrian_3d/moderate_R40": 54.517803259520605,
    "Pedestrian_3d/hard_R40": 50.89419935471938,
    "Pedestrian_bev/easy_R40": 65.0663477243555,
    "Pedestrian_bev/moderate_R40": 59.24000500769826,
    "Pedestrian_bev/hard_R40": 55.784753027810396,
    "Pedestrian_image/easy_R40": 69.45267405855364,
    "Pedestrian_image/moderate_R40": 64.01945009002434,
    "Pedestrian_image/hard_R40": 60.92854321573134,
    "Cyclist_aos/easy_R40": 92.0632968647572,
    "Cyclist_aos/moderate_R40": 81.48922129044055,
    "Cyclist_aos/hard_R40": 78.08475957183741,
    "Cyclist_3d/easy_R40": 86.35841631193577,
    "Cyclist_3d/moderate_R40": 72.78120525094238,
    "Cyclist_3d/hard_R40": 69.01809280916676,
    "Cyclist_bev/easy_R40": 88.59558413890122,
    "Cyclist_bev/moderate_R40": 75.26931223645022,
    "Cyclist_bev/hard_R40": 71.5926604404103,
    "Cyclist_image/easy_R40": 92.37920743853637,
    "Cyclist_image/moderate_R40": 82.41117728654524,
    "Cyclist_image/hard_R40": 79.03346049569204
  },
  "cfg_file": "/opt/OpenPCDet/tools/cfgs/kitti_models/pointpillar.yaml",
  "ckpt": "/opt/OpenPCDet/tools/ckpt/pointpillar_7728.pth",
  "eval_result_dir": "/__modal/volumes/vo-IonADsHkUVjfGkodF5a2qa/modal_v2_h100/M1_AMP/eval/kitti_eval_run"
}