{
  "PillarVFE": 1.6294856566809892,
  "PointPillarScatter": 0.9530140678485732,
  "BaseBEVBackbone": 5.4236006235449725,
  "AnchorHeadSingle": 1.5187153559602395,
  "post_processing": 2.8792784228939587
}