{
  "PillarVFE": 3.297876860829856,
  "PointPillarScatter": 5.12919156870645,
  "BaseBEVBackbone": 18.272851569184077,
  "AnchorHeadSingle": 5.2581112322132935,
  "post_processing": 6.086163218239222
}