{
  "metrics": {
    "recall/roi_0.3": 0.0,
    "recall/rcnn_0.3": 0.9421046591691531,
    "recall/roi_0.5": 0.0,
    "recall/rcnn_0.5": 0.8972056460867569,
    "recall/roi_0.7": 0.0,
    "recall/rcnn_0.7": 0.687571723663071,
    "Car_aos/easy_R40": 97.66311999143889,
    "Car_aos/moderate_R40": 94.91105250134122,
    "Car_aos/hard_R40": 93.77100558638199,
    "Car_3d/easy_R40": 91.76157773373991,
    "Car_3d/moderate_R40": 84.78854030043888,
    "Car_3d/hard_R40": 81.44124381868917,
    "Car_bev/easy_R40": 95.15229389959129,
    "Car_bev/moderate_R40": 91.50885608252366,
    "Car_bev/hard_R40": 88.77474194434203,
    "Car_image/easy_R40": 97.68437372320173,
    "Car_image/moderate_R40": 95.05564092965051,
    "Car_image/hard_R40": 94.01027017545621,
    "Pedestrian_aos/easy_R40": 51.934976709718995,
    "Pedestrian_aos/moderate_R40": 47.603396324682926,
    "Pedestrian_aos/hard_R40": 44.94001335711683,
    "Pedestrian_3d/easy_R40": 60.33932425378921,
    "Pedestrian_3d/moderate_R40": 54.55680540391683,
    "Pedestrian_3d/hard_R40": 50.91870142039926,
    "Pedestrian_bev/easy_R40": 65.05380408978253,
    "Pedestrian_bev/moderate_R40": 59.23312043366492,
    "Pedestrian_bev/hard_R40": 55.750554029937504,
    "Pedestrian_image/easy_R40": 69.44137557625952,
    "Pedestrian_image/moderate_R40": 63.980453983603994,
    "Pedestrian_image/hard_R40": 60.90146221169876,
    "Cyclist_aos/easy_R40": 92.0666948072301,
    "Cyclist_aos/moderate_R40": 81.49060357026194,
    "Cyclist_aos/hard_R40": 78.08846689940286,
    "Cyclist_3d/easy_R40": 86.35805865629169,
    "Cyclist_3d/moderate_R40": 72.78230490946714,
    "Cyclist_3d/hard_R40": 69.00890329138718,
    "Cyclist_bev/easy_R40": 88.60123940877133,
    "Cyclist_bev/moderate_R40": 75.2989215574997,
    "Cyclist_bev/hard_R40": 71.6204222603596,
    "Cyclist_image/easy_R40": 92.38241791272395,
    "Cyclist_image/moderate_R40": 82.41265722530144,
    "Cyclist_image/hard_R40": 79.03722283824223
  },
  "cfg_file": "/opt/OpenPCDet/tools/cfgs/kitti_models/pointpillar.yaml",
  "ckpt": "/opt/OpenPCDet/tools/ckpt/pointpillar_7728.pth",
  "eval_result_dir": "/__modal/volumes/vo-IonADsHkUVjfGkodF5a2qa/modal_v4_h100/M2_AMP_mem_conv2d/kitti_eval_run"
}