{
  "metrics": {
    "recall/roi_0.3": 0.0,
    "recall/rcnn_0.3": 0.9421907275648382,
    "recall/roi_0.5": 0.0,
    "recall/rcnn_0.5": 0.8972343355519853,
    "recall/roi_0.7": 0.0,
    "recall/rcnn_0.7": 0.6875430341978426,
    "Car_aos/easy_R40": 97.64204090768234,
    "Car_aos/moderate_R40": 94.88442988709498,
    "Car_aos/hard_R40": 93.75826562584007,
    "Car_3d/easy_R40": 91.76887604383964,
    "Car_3d/moderate_R40": 84.83682199335269,
    "Car_3d/hard_R40": 81.4683684629404,
    "Car_bev/easy_R40": 95.13319785142326,
    "Car_bev/moderate_R40": 91.52461192339716,
    "Car_bev/hard_R40": 88.79191493856437,
    "Car_image/easy_R40": 97.66322786903054,
    "Car_image/moderate_R40": 95.03567455543485,
    "Car_image/hard_R40": 94.00479442455672,
    "Pedestrian_aos/easy_R40": 51.91388084043178,
    "Pedestrian_aos/moderate_R40": 47.60484551563675,
    "Pedestrian_aos/hard_R40": 44.98424956009873,
    "Pedestrian_3d/easy_R40": 60.35420345262749,
    "Pedestrian_3d/moderate_R40": 54.527596140511555,
    "Pedestrian_3d/hard_R40": 50.852685010222665,
    "Pedestrian_bev/easy_R40": 64.85986464845203,
    "Pedestrian_bev/moderate_R40": 59.15241174342265,
    "Pedestrian_bev/hard_R40": 55.63532950672842,
    "Pedestrian_image/easy_R40": 69.6624330119049,
    "Pedestrian_image/moderate_R40": 64.19216984095054,
    "Pedestrian_image/hard_R40": 61.11808702104986,
    "Cyclist_aos/easy_R40": 92.04119611495827,
    "Cyclist_aos/moderate_R40": 81.55483621886577,
    "Cyclist_aos/hard_R40": 78.1410997943544,
    "Cyclist_3d/easy_R40": 86.29603658732658,
    "Cyclist_3d/moderate_R40": 72.7556712925882,
    "Cyclist_3d/hard_R40": 69.02267076084577,
    "Cyclist_bev/easy_R40": 88.52558501787237,
    "Cyclist_bev/moderate_R40": 75.29352200378312,
    "Cyclist_bev/hard_R40": 71.62023152682309,
    "Cyclist_image/easy_R40": 92.35683053222508,
    "Cyclist_image/moderate_R40": 82.4250308945912,
    "Cyclist_image/hard_R40": 79.03683316195071
  },
  "cfg_file": "/opt/OpenPCDet/tools/cfgs/kitti_models/pointpillar.yaml",
  "ckpt": "/opt/OpenPCDet/tools/ckpt/pointpillar_7728.pth",
  "eval_result_dir": "/__modal/volumes/vo-IonADsHkUVjfGkodF5a2qa/modal_v2/research_matrix/M4_FP32/eval/kitti_eval_run"
}