{
  "metrics": {
    "recall/roi_0.3": 0.0,
    "recall/rcnn_0.3": 0.9365798414496036,
    "recall/roi_0.5": 0.0,
    "recall/rcnn_0.5": 0.8935447338618346,
    "recall/roi_0.7": 0.0,
    "recall/rcnn_0.7": 0.7066817667044167,
    "Car_aos/easy_R40": 96.84021947984401,
    "Car_aos/moderate_R40": 94.59200933319929,
    "Car_aos/hard_R40": 91.66783019046119,
    "Car_3d/easy_R40": 91.25238917365091,
    "Car_3d/moderate_R40": 82.75634438466393,
    "Car_3d/hard_R40": 80.91471060476643,
    "Car_bev/easy_R40": 95.80816282908276,
    "Car_bev/moderate_R40": 89.7520807642351,
    "Car_bev/hard_R40": 86.62701949385563,
    "Car_image/easy_R40": 96.8542194092827,
    "Car_image/moderate_R40": 94.72328222622085,
    "Car_image/hard_R40": 91.82819967024936,
    "Pedestrian_aos/easy_R40": 66.54588157846628,
    "Pedestrian_aos/moderate_R40": 60.227062713212575,
    "Pedestrian_aos/hard_R40": 56.785596637105584,
    "Pedestrian_3d/easy_R40": 61.86002122195975,
    "Pedestrian_3d/moderate_R40": 55.98776462311368,
    "Pedestrian_3d/hard_R40": 51.595297080142,
    "Pedestrian_bev/easy_R40": 64.27408228078285,
    "Pedestrian_bev/moderate_R40": 58.34059452082705,
    "Pedestrian_bev/hard_R40": 53.903899728857375,
    "Pedestrian_image/easy_R40": 79.65388819267822,
    "Pedestrian_image/moderate_R40": 73.97378363459147,
    "Pedestrian_image/hard_R40": 71.37347508007618,
    "Cyclist_aos/easy_R40": 40.658684025243495,
    "Cyclist_aos/moderate_R40": 68.43342459128107,
    "Cyclist_aos/hard_R40": 73.59185993717266,
    "Cyclist_3d/easy_R40": 39.43910256410257,
    "Cyclist_3d/moderate_R40": 57.85923241234141,
    "Cyclist_3d/hard_R40": 62.769966769175824,
    "Cyclist_bev/easy_R40": 39.66231884057972,
    "Cyclist_bev/moderate_R40": 60.32780960687194,
    "Cyclist_bev/hard_R40": 65.26057342640159,
    "Cyclist_image/easy_R40": 40.69164078674949,
    "Cyclist_image/moderate_R40": 68.49822299280503,
    "Cyclist_image/hard_R40": 73.66246861545531
  },
  "cfg_file": "/opt/OpenPCDet/tools/cfgs/kitti_models/pointpillar.yaml",
  "ckpt": "/opt/OpenPCDet/tools/ckpt/pointpillar_7728.pth",
  "eval_result_dir": "/__modal/volumes/vo-IonADsHkUVjfGkodF5a2qa/research_matrix/M3_AMP/kitti_eval_run"
}