{
  "PillarVFE": 5.354124653921259,
  "PointPillarScatter": 1.852464611375138,
  "BaseBEVBackbone": 18.635217069833537,
  "AnchorHeadSingle": 5.654594609301737,
  "post_processing": 80.48601256473192
}