{
  "metrics": {
    "recall/roi_0.3": 0.0,
    "recall/rcnn_0.3": 0.9421046591691531,
    "recall/roi_0.5": 0.0,
    "recall/rcnn_0.5": 0.8972056460867569,
    "recall/roi_0.7": 0.0,
    "recall/rcnn_0.7": 0.687657792058756,
    "Car_aos/easy_R40": 97.6624114623889,
    "Car_aos/moderate_R40": 94.91072462222236,
    "Car_aos/hard_R40": 93.77262304921621,
    "Car_3d/easy_R40": 91.75957662939513,
    "Car_3d/moderate_R40": 84.78870675638872,
    "Car_3d/hard_R40": 81.44932440899566,
    "Car_bev/easy_R40": 95.15103200577384,
    "Car_bev/moderate_R40": 91.50914996504733,
    "Car_bev/hard_R40": 88.77593055101842,
    "Car_image/easy_R40": 97.68365193274073,
    "Car_image/moderate_R40": 95.0553053861511,
    "Car_image/hard_R40": 94.01190716013785,
    "Pedestrian_aos/easy_R40": 51.970064194077395,
    "Pedestrian_aos/moderate_R40": 47.62906032083888,
    "Pedestrian_aos/hard_R40": 44.9574067383662,
    "Pedestrian_3d/easy_R40": 60.336810070873106,
    "Pedestrian_3d/moderate_R40": 54.559722425935654,
    "Pedestrian_3d/hard_R40": 50.92182017534322,
    "Pedestrian_bev/easy_R40": 65.0677202396188,
    "Pedestrian_bev/moderate_R40": 59.237679156990566,
    "Pedestrian_bev/hard_R40": 55.79026565742179,
    "Pedestrian_image/easy_R40": 69.44599554277426,
    "Pedestrian_image/moderate_R40": 64.0187298787814,
    "Pedestrian_image/hard_R40": 60.93151945198699,
    "Cyclist_aos/easy_R40": 92.06627020963867,
    "Cyclist_aos/moderate_R40": 81.48992622405264,
    "Cyclist_aos/hard_R40": 78.08767986800953,
    "Cyclist_3d/easy_R40": 86.35898107503746,
    "Cyclist_3d/moderate_R40": 72.78516962647437,
    "Cyclist_3d/hard_R40": 69.00629557748732,
    "Cyclist_bev/easy_R40": 88.59401857057927,
    "Cyclist_bev/moderate_R40": 75.30731439321585,
    "Cyclist_bev/hard_R40": 71.61830837944316,
    "Cyclist_image/easy_R40": 92.38197565225356,
    "Cyclist_image/moderate_R40": 82.41252013605802,
    "Cyclist_image/hard_R40": 79.03647995798173
  },
  "cfg_file": "/opt/OpenPCDet/tools/cfgs/kitti_models/pointpillar.yaml",
  "ckpt": "/opt/OpenPCDet/tools/ckpt/pointpillar_7728.pth",
  "eval_result_dir": "/__modal/volumes/vo-IonADsHkUVjfGkodF5a2qa/modal_v2/research_matrix/M2_AMP_mem_both/eval/kitti_eval_run"
}