{
  "PillarVFE": 4.982670552590314,
  "PointPillarScatter": 2.0462944024197003,
  "BaseBEVBackbone": 15.361326059799767,
  "AnchorHeadSingle": 6.3455990254506,
  "post_processing": 98.27815507081931
}