{
  "metrics": {
    "recall/roi_0.3": 0.0,
    "recall/rcnn_0.3": 0.9421907275648382,
    "recall/roi_0.5": 0.0,
    "recall/rcnn_0.5": 0.8971482671563002,
    "recall/roi_0.7": 0.0,
    "recall/rcnn_0.7": 0.6874569658021574,
    "Car_aos/easy_R40": 97.63674341887396,
    "Car_aos/moderate_R40": 94.88671853446867,
    "Car_aos/hard_R40": 93.737457620014,
    "Car_3d/easy_R40": 91.7709005967122,
    "Car_3d/moderate_R40": 84.83932325937499,
    "Car_3d/hard_R40": 81.47670806548113,
    "Car_bev/easy_R40": 95.13225873512488,
    "Car_bev/moderate_R40": 91.52345181395705,
    "Car_bev/hard_R40": 88.79190972988427,
    "Car_image/easy_R40": 97.6579196395867,
    "Car_image/moderate_R40": 95.0350234060987,
    "Car_image/hard_R40": 93.9805859563388,
    "Pedestrian_aos/easy_R40": 51.85409634150477,
    "Pedestrian_aos/moderate_R40": 47.563230859114384,
    "Pedestrian_aos/hard_R40": 44.95164464835205,
    "Pedestrian_3d/easy_R40": 60.33599318724924,
    "Pedestrian_3d/moderate_R40": 54.50078486191001,
    "Pedestrian_3d/hard_R40": 50.84167148698634,
    "Pedestrian_bev/easy_R40": 64.90612765575715,
    "Pedestrian_bev/moderate_R40": 59.170247418319136,
    "Pedestrian_bev/hard_R40": 55.68221650063201,
    "Pedestrian_image/easy_R40": 69.57659506169132,
    "Pedestrian_image/moderate_R40": 64.1249514233052,
    "Pedestrian_image/hard_R40": 61.07246598965707,
    "Cyclist_aos/easy_R40": 92.03823211910779,
    "Cyclist_aos/moderate_R40": 81.54967782934874,
    "Cyclist_aos/hard_R40": 78.15483489042194,
    "Cyclist_3d/easy_R40": 86.31044499184534,
    "Cyclist_3d/moderate_R40": 72.75849605389486,
    "Cyclist_3d/hard_R40": 69.03852382898243,
    "Cyclist_bev/easy_R40": 88.52198237143757,
    "Cyclist_bev/moderate_R40": 75.24993740625361,
    "Cyclist_bev/hard_R40": 71.61343548571051,
    "Cyclist_image/easy_R40": 92.35408285503789,
    "Cyclist_image/moderate_R40": 82.41993450814974,
    "Cyclist_image/hard_R40": 79.05059363999911
  },
  "cfg_file": "/opt/OpenPCDet/tools/cfgs/kitti_models/pointpillar.yaml",
  "ckpt": "/opt/OpenPCDet/tools/ckpt/pointpillar_7728.pth",
  "eval_result_dir": "/__modal/volumes/vo-IonADsHkUVjfGkodF5a2qa/modal_v2_t4/M4_FP32/eval/kitti_eval_run"
}