{
  "metrics": {
    "recall/roi_0.3": 0.0,
    "recall/rcnn_0.3": 0.9365798414496036,
    "recall/roi_0.5": 0.0,
    "recall/rcnn_0.5": 0.8935447338618346,
    "recall/roi_0.7": 0.0,
    "recall/rcnn_0.7": 0.7066817667044167,
    "Car_aos/easy_R40": 96.83053141899506,
    "Car_aos/moderate_R40": 94.59004201483287,
    "Car_aos/hard_R40": 91.68275051283284,
    "Car_3d/easy_R40": 91.27046111443275,
    "Car_3d/moderate_R40": 82.75321172001459,
    "Car_3d/hard_R40": 81.39888967800667,
    "Car_bev/easy_R40": 95.79782859454629,
    "Car_bev/moderate_R40": 89.75819184587225,
    "Car_bev/hard_R40": 86.62225923740607,
    "Car_image/easy_R40": 96.84451791674539,
    "Car_image/moderate_R40": 94.72430853958438,
    "Car_image/hard_R40": 91.8405441827694,
    "Pedestrian_aos/easy_R40": 66.55790223083524,
    "Pedestrian_aos/moderate_R40": 60.23461956551854,
    "Pedestrian_aos/hard_R40": 56.80719305248498,
    "Pedestrian_3d/easy_R40": 61.85246627690481,
    "Pedestrian_3d/moderate_R40": 56.011271282588005,
    "Pedestrian_3d/hard_R40": 51.58492190320021,
    "Pedestrian_bev/easy_R40": 64.26615271035328,
    "Pedestrian_bev/moderate_R40": 58.3358353993208,
    "Pedestrian_bev/hard_R40": 53.92182825968121,
    "Pedestrian_image/easy_R40": 79.66971475741784,
    "Pedestrian_image/moderate_R40": 73.97180180655377,
    "Pedestrian_image/hard_R40": 71.39625129385007,
    "Cyclist_aos/easy_R40": 40.6586830196364,
    "Cyclist_aos/moderate_R40": 68.4396950361831,
    "Cyclist_aos/hard_R40": 73.5983138066627,
    "Cyclist_3d/easy_R40": 39.43910256410257,
    "Cyclist_3d/moderate_R40": 57.86991279208825,
    "Cyclist_3d/hard_R40": 62.78088215610747,
    "Cyclist_bev/easy_R40": 39.66231884057972,
    "Cyclist_bev/moderate_R40": 60.33946461852696,
    "Cyclist_bev/hard_R40": 65.27244051500918,
    "Cyclist_image/easy_R40": 40.69164078674949,
    "Cyclist_image/moderate_R40": 68.50457024915228,
    "Cyclist_image/hard_R40": 73.66898726273725
  },
  "cfg_file": "/opt/OpenPCDet/tools/cfgs/kitti_models/pointpillar.yaml",
  "ckpt": "/opt/OpenPCDet/tools/ckpt/pointpillar_7728.pth",
  "eval_result_dir": "/__modal/volumes/vo-IonADsHkUVjfGkodF5a2qa/modal_v4_2/M3_FP32/kitti_eval_run"
}