{
  "metrics": {
    "recall/roi_0.3": 0.0,
    "recall/rcnn_0.3": 0.9421046591691531,
    "recall/roi_0.5": 0.0,
    "recall/rcnn_0.5": 0.8972343355519853,
    "recall/roi_0.7": 0.0,
    "recall/rcnn_0.7": 0.687657792058756,
    "Car_aos/easy_R40": 97.66301025796112,
    "Car_aos/moderate_R40": 94.9079949847151,
    "Car_aos/hard_R40": 93.77019276440343,
    "Car_3d/easy_R40": 91.76029300050044,
    "Car_3d/moderate_R40": 84.79397964138252,
    "Car_3d/hard_R40": 81.45253760026623,
    "Car_bev/easy_R40": 95.1511195383277,
    "Car_bev/moderate_R40": 91.50724281746518,
    "Car_bev/hard_R40": 88.77405984518484,
    "Car_image/easy_R40": 97.68425984432515,
    "Car_image/moderate_R40": 95.0528256078585,
    "Car_image/hard_R40": 94.0094144521713,
    "Pedestrian_aos/easy_R40": 51.96559363235453,
    "Pedestrian_aos/moderate_R40": 47.62642256239225,
    "Pedestrian_aos/hard_R40": 44.95240929916967,
    "Pedestrian_3d/easy_R40": 60.343327862723704,
    "Pedestrian_3d/moderate_R40": 54.516004563210664,
    "Pedestrian_3d/hard_R40": 50.89465403210542,
    "Pedestrian_bev/easy_R40": 65.06799201710544,
    "Pedestrian_bev/moderate_R40": 59.24160896558526,
    "Pedestrian_bev/hard_R40": 55.79035677801541,
    "Pedestrian_image/easy_R40": 69.44247410476045,
    "Pedestrian_image/moderate_R40": 64.01406471663044,
    "Pedestrian_image/hard_R40": 60.92223458438583,
    "Cyclist_aos/easy_R40": 92.04757052667325,
    "Cyclist_aos/moderate_R40": 81.49237412054568,
    "Cyclist_aos/hard_R40": 78.09223403510484,
    "Cyclist_3d/easy_R40": 86.34663077810623,
    "Cyclist_3d/moderate_R40": 72.79285217970919,
    "Cyclist_3d/hard_R40": 69.01524783737776,
    "Cyclist_bev/easy_R40": 88.57945443136333,
    "Cyclist_bev/moderate_R40": 75.29189840980483,
    "Cyclist_bev/hard_R40": 71.61756265141493,
    "Cyclist_image/easy_R40": 92.36301106545216,
    "Cyclist_image/moderate_R40": 82.41463131649041,
    "Cyclist_image/hard_R40": 79.03757073252378
  },
  "cfg_file": "/opt/OpenPCDet/tools/cfgs/kitti_models/pointpillar.yaml",
  "ckpt": "/opt/OpenPCDet/tools/ckpt/pointpillar_7728.pth",
  "eval_result_dir": "/__modal/volumes/vo-IonADsHkUVjfGkodF5a2qa/modal_v4_a10/M3_AMP/kitti_eval_run"
}