{
  "PillarVFE": 1.9648641207638908,
  "PointPillarScatter": 1.0977964068533332,
  "BaseBEVBackbone": 8.7774068094762,
  "AnchorHeadSingle": 2.7965131241627716,
  "post_processing": 2.883468416068372
}