{
  "PillarVFE": 1.206073553750154,
  "PointPillarScatter": 0.6530683356172898,
  "BaseBEVBackbone": 4.393397749589292,
  "AnchorHeadSingle": 1.3613695122572,
  "post_processing": 2.6273004047861686
}