{
  "PillarVFE": 3.23627401770877,
  "PointPillarScatter": 2.7469767578253905,
  "BaseBEVBackbone": 17.203721200420205,
  "AnchorHeadSingle": 5.020251197122662,
  "post_processing": 5.986789968344984
}