{
  "PillarVFE": 5.23376597749426,
  "PointPillarScatter": 3.7817521359356534,
  "BaseBEVBackbone": 33.65451312154644,
  "AnchorHeadSingle": 8.33267724946682,
  "post_processing": 87.9609284162223
}