{
  "metrics": {
    "recall/roi_0.3": 0.0,
    "recall/rcnn_0.3": 0.9303097345132744,
    "recall/roi_0.5": 0.0,
    "recall/rcnn_0.5": 0.875,
    "recall/roi_0.7": 0.0,
    "recall/rcnn_0.7": 0.6227876106194691,
    "Car_aos/easy_R40": 95.13622762438709,
    "Car_aos/moderate_R40": 91.75547052044737,
    "Car_aos/hard_R40": 90.19570821076974,
    "Car_3d/easy_R40": 84.71038550390958,
    "Car_3d/moderate_R40": 76.64381984200098,
    "Car_3d/hard_R40": 74.96244782103629,
    "Car_bev/easy_R40": 90.04203198321511,
    "Car_bev/moderate_R40": 85.77096679628539,
    "Car_bev/hard_R40": 84.53986806788615,
    "Car_image/easy_R40": 95.14761364893283,
    "Car_image/moderate_R40": 91.94006542909862,
    "Car_image/hard_R40": 90.43665760417508,
    "Pedestrian_aos/easy_R40": 53.952641097225175,
    "Pedestrian_aos/moderate_R40": 42.83864036949384,
    "Pedestrian_aos/hard_R40": 38.83225706342933,
    "Pedestrian_3d/easy_R40": 69.39744630559272,
    "Pedestrian_3d/moderate_R40": 57.49092224233199,
    "Pedestrian_3d/hard_R40": 50.59783761987661,
    "Pedestrian_bev/easy_R40": 70.69953596295903,
    "Pedestrian_bev/moderate_R40": 59.91109501643174,
    "Pedestrian_bev/hard_R40": 52.26597941932363,
    "Pedestrian_image/easy_R40": 69.48940065082635,
    "Pedestrian_image/moderate_R40": 64.0227130186792,
    "Pedestrian_image/hard_R40": 59.39541712222335,
    "Cyclist_aos/easy_R40": 28.46295210516882,
    "Cyclist_aos/moderate_R40": 43.38461480291851,
    "Cyclist_aos/hard_R40": 49.0574016245665,
    "Cyclist_3d/easy_R40": 27.743144393915774,
    "Cyclist_3d/moderate_R40": 40.17414215686274,
    "Cyclist_3d/hard_R40": 42.65017580656513,
    "Cyclist_bev/easy_R40": 27.743144393915774,
    "Cyclist_bev/moderate_R40": 40.17414215686274,
    "Cyclist_bev/hard_R40": 42.65017580656513,
    "Cyclist_image/easy_R40": 28.550852595680183,
    "Cyclist_image/moderate_R40": 44.022776888711306,
    "Cyclist_image/hard_R40": 49.72924595533416
  },
  "cfg_file": "/home/nas/polin/cmu-berlin/MLS/OpenPCDet/tools/cfgs/kitti_models/pointpillar.yaml",
  "ckpt": "/home/nas/polin/cmu-berlin/MLS/OpenPCDet/tools/ckpt/pointpillar_7728.pth",
  "eval_result_dir": "/home/nas/polin/cmu-berlin/MLS/profile_outputs/research_matrix/M2_AMP_mem_scatter/kitti_eval_run"
}