{
  "metrics": {
    "recall/roi_0.3": 0.0,
    "recall/rcnn_0.3": 0.9420759697039247,
    "recall/roi_0.5": 0.0,
    "recall/rcnn_0.5": 0.8972056460867569,
    "recall/roi_0.7": 0.0,
    "recall/rcnn_0.7": 0.6876291025935276,
    "Car_aos/easy_R40": 97.66221975418618,
    "Car_aos/moderate_R40": 94.9110608857972,
    "Car_aos/hard_R40": 93.77333491200473,
    "Car_3d/easy_R40": 91.76115107623912,
    "Car_3d/moderate_R40": 84.79533919537594,
    "Car_3d/hard_R40": 81.45525892642212,
    "Car_bev/easy_R40": 95.15091437377549,
    "Car_bev/moderate_R40": 91.51283604713838,
    "Car_bev/hard_R40": 88.77717500194065,
    "Car_image/easy_R40": 97.68346448061811,
    "Car_image/moderate_R40": 95.05571073151697,
    "Car_image/hard_R40": 94.01286751290708,
    "Pedestrian_aos/easy_R40": 51.966506214140054,
    "Pedestrian_aos/moderate_R40": 47.62272386602292,
    "Pedestrian_aos/hard_R40": 44.957585543407866,
    "Pedestrian_3d/easy_R40": 60.340768072300634,
    "Pedestrian_3d/moderate_R40": 54.56056537865774,
    "Pedestrian_3d/hard_R40": 50.92059039160072,
    "Pedestrian_bev/easy_R40": 65.06983163962298,
    "Pedestrian_bev/moderate_R40": 59.24057501015124,
    "Pedestrian_bev/hard_R40": 55.788212573294395,
    "Pedestrian_image/easy_R40": 69.44475621531984,
    "Pedestrian_image/moderate_R40": 64.01783461406845,
    "Pedestrian_image/hard_R40": 60.92956903525908,
    "Cyclist_aos/easy_R40": 92.06559536560077,
    "Cyclist_aos/moderate_R40": 81.4916127984764,
    "Cyclist_aos/hard_R40": 78.09076262209966,
    "Cyclist_3d/easy_R40": 86.35828112289487,
    "Cyclist_3d/moderate_R40": 72.783121397825,
    "Cyclist_3d/hard_R40": 69.01744434640233,
    "Cyclist_bev/easy_R40": 88.59758896651171,
    "Cyclist_bev/moderate_R40": 75.30229153992084,
    "Cyclist_bev/hard_R40": 71.61065167791908,
    "Cyclist_image/easy_R40": 92.38124053613035,
    "Cyclist_image/moderate_R40": 82.41398777847265,
    "Cyclist_image/hard_R40": 79.0362343958411
  },
  "cfg_file": "/opt/OpenPCDet/tools/cfgs/kitti_models/pointpillar.yaml",
  "ckpt": "/opt/OpenPCDet/tools/ckpt/pointpillar_7728.pth",
  "eval_result_dir": "/__modal/volumes/vo-IonADsHkUVjfGkodF5a2qa/modal_v4_a10/M2_AMP_mem_scatter/kitti_eval_run"
}