{
  "metrics": {
    "recall/roi_0.3": 0.0,
    "recall/rcnn_0.3": 0.9422194170300665,
    "recall/roi_0.5": 0.0,
    "recall/rcnn_0.5": 0.8972630250172137,
    "recall/roi_0.7": 0.0,
    "recall/rcnn_0.7": 0.6873708974064724,
    "Car_aos/easy_R40": 97.6547187088351,
    "Car_aos/moderate_R40": 94.89065270181169,
    "Car_aos/hard_R40": 93.76160031056096,
    "Car_3d/easy_R40": 91.7860979252678,
    "Car_3d/moderate_R40": 84.81574233257685,
    "Car_3d/hard_R40": 81.46406794693904,
    "Car_bev/easy_R40": 95.14806512246633,
    "Car_bev/moderate_R40": 91.52697069817076,
    "Car_bev/hard_R40": 88.79132393337903,
    "Car_image/easy_R40": 97.67595404127098,
    "Car_image/moderate_R40": 95.03472001017187,
    "Car_image/hard_R40": 94.00023432456483,
    "Pedestrian_aos/easy_R40": 51.89578823486245,
    "Pedestrian_aos/moderate_R40": 47.56632847692246,
    "Pedestrian_aos/hard_R40": 44.91459445217757,
    "Pedestrian_3d/easy_R40": 60.35715860383137,
    "Pedestrian_3d/moderate_R40": 54.527387196908286,
    "Pedestrian_3d/hard_R40": 50.89075083973202,
    "Pedestrian_bev/easy_R40": 65.07090477885671,
    "Pedestrian_bev/moderate_R40": 59.26828044753365,
    "Pedestrian_bev/hard_R40": 55.794122722414784,
    "Pedestrian_image/easy_R40": 69.43534977723753,
    "Pedestrian_image/moderate_R40": 64.00923912718802,
    "Pedestrian_image/hard_R40": 60.92222179411726,
    "Cyclist_aos/easy_R40": 92.06932073996353,
    "Cyclist_aos/moderate_R40": 81.55688848544442,
    "Cyclist_aos/hard_R40": 78.16192829491408,
    "Cyclist_3d/easy_R40": 86.34401667567,
    "Cyclist_3d/moderate_R40": 72.73021975290013,
    "Cyclist_3d/hard_R40": 69.01414379037767,
    "Cyclist_bev/easy_R40": 88.55818135346682,
    "Cyclist_bev/moderate_R40": 75.2464363170637,
    "Cyclist_bev/hard_R40": 71.58320033111465,
    "Cyclist_image/easy_R40": 92.38498547944408,
    "Cyclist_image/moderate_R40": 82.4269807351159,
    "Cyclist_image/hard_R40": 79.05391421373037
  },
  "cfg_file": "/opt/OpenPCDet/tools/cfgs/kitti_models/pointpillar.yaml",
  "ckpt": "/opt/OpenPCDet/tools/ckpt/pointpillar_7728.pth",
  "eval_result_dir": "/__modal/volumes/vo-IonADsHkUVjfGkodF5a2qa/modal_v2_t4/M3_FP32/eval/kitti_eval_run"
}