{
  "metrics": {
    "recall/roi_0.3": 0.0,
    "recall/rcnn_0.3": 0.9365798414496036,
    "recall/roi_0.5": 0.0,
    "recall/rcnn_0.5": 0.8935447338618346,
    "recall/roi_0.7": 0.0,
    "recall/rcnn_0.7": 0.7066817667044167,
    "Car_aos/easy_R40": 96.83053224122757,
    "Car_aos/moderate_R40": 94.5860960670679,
    "Car_aos/hard_R40": 91.6648604884536,
    "Car_3d/easy_R40": 91.24501454238248,
    "Car_3d/moderate_R40": 82.77181723151456,
    "Car_3d/hard_R40": 80.8854894467127,
    "Car_bev/easy_R40": 95.7993908992582,
    "Car_bev/moderate_R40": 89.73652236530224,
    "Car_bev/hard_R40": 86.58562848054432,
    "Car_image/easy_R40": 96.84451791674539,
    "Car_image/moderate_R40": 94.71734506034798,
    "Car_image/hard_R40": 91.82521406533488,
    "Pedestrian_aos/easy_R40": 66.54596332976772,
    "Pedestrian_aos/moderate_R40": 60.22218517686407,
    "Pedestrian_aos/hard_R40": 56.78095565054622,
    "Pedestrian_3d/easy_R40": 61.86002122195975,
    "Pedestrian_3d/moderate_R40": 55.9890321675381,
    "Pedestrian_3d/hard_R40": 51.59660266646895,
    "Pedestrian_bev/easy_R40": 64.27408228078285,
    "Pedestrian_bev/moderate_R40": 58.34191727214979,
    "Pedestrian_bev/hard_R40": 53.905284441628375,
    "Pedestrian_image/easy_R40": 79.65388819267822,
    "Pedestrian_image/moderate_R40": 73.96701943951561,
    "Pedestrian_image/hard_R40": 71.36681432768317,
    "Cyclist_aos/easy_R40": 40.65866021716927,
    "Cyclist_aos/moderate_R40": 68.43971769462615,
    "Cyclist_aos/hard_R40": 73.59831575437366,
    "Cyclist_3d/easy_R40": 39.43910256410257,
    "Cyclist_3d/moderate_R40": 57.85923241234141,
    "Cyclist_3d/hard_R40": 62.769966769175824,
    "Cyclist_bev/easy_R40": 39.66231884057972,
    "Cyclist_bev/moderate_R40": 60.32780960687194,
    "Cyclist_bev/hard_R40": 65.26057342640159,
    "Cyclist_image/easy_R40": 40.69164078674949,
    "Cyclist_image/moderate_R40": 68.50457024915228,
    "Cyclist_image/hard_R40": 73.66898726273725
  },
  "cfg_file": "/opt/OpenPCDet/tools/cfgs/kitti_models/pointpillar.yaml",
  "ckpt": "/opt/OpenPCDet/tools/ckpt/pointpillar_7728.pth",
  "eval_result_dir": "/__modal/volumes/vo-IonADsHkUVjfGkodF5a2qa/modal_v3_a10/M2_AMP_mem_both/kitti_eval_run"
}