{
  "PillarVFE": 3.128001640227918,
  "PointPillarScatter": 1.9642674205300208,
  "BaseBEVBackbone": 17.734146799104234,
  "AnchorHeadSingle": 5.797856735049261,
  "post_processing": 84.78274564450614
}