{
  "PillarVFE": 3.6008060088891707,
  "PointPillarScatter": 1.9872058440508025,
  "BaseBEVBackbone": 24.842364703907688,
  "AnchorHeadSingle": 5.76002918704132,
  "post_processing": 5.145862609483721
}