{
  "PillarVFE": 2.887026774569954,
  "PointPillarScatter": 1.875267068644489,
  "BaseBEVBackbone": 14.7668723791502,
  "AnchorHeadSingle": 5.1816839530262095,
  "post_processing": 61.36233997165933
}