{
  "metrics": {
    "recall/roi_0.3": 0.0,
    "recall/rcnn_0.3": 0.9303097345132744,
    "recall/roi_0.5": 0.0,
    "recall/rcnn_0.5": 0.8738938053097345,
    "recall/roi_0.7": 0.0,
    "recall/rcnn_0.7": 0.6227876106194691,
    "Car_aos/easy_R40": 95.13626284658955,
    "Car_aos/moderate_R40": 91.75549417217769,
    "Car_aos/hard_R40": 90.20419847898008,
    "Car_3d/easy_R40": 84.73291911065373,
    "Car_3d/moderate_R40": 76.64319327558495,
    "Car_3d/hard_R40": 74.97265578145968,
    "Car_bev/easy_R40": 90.04050643020213,
    "Car_bev/moderate_R40": 85.7671696097819,
    "Car_bev/hard_R40": 84.53949777066092,
    "Car_image/easy_R40": 95.14761364893283,
    "Car_image/moderate_R40": 91.94006542909862,
    "Car_image/hard_R40": 90.44524970095271,
    "Pedestrian_aos/easy_R40": 53.95394751016336,
    "Pedestrian_aos/moderate_R40": 42.83982795786656,
    "Pedestrian_aos/hard_R40": 38.84335350493602,
    "Pedestrian_3d/easy_R40": 69.39793645731353,
    "Pedestrian_3d/moderate_R40": 57.49143766518959,
    "Pedestrian_3d/hard_R40": 50.613302820622174,
    "Pedestrian_bev/easy_R40": 70.70003998674895,
    "Pedestrian_bev/moderate_R40": 59.91162918193871,
    "Pedestrian_bev/hard_R40": 52.266619207572006,
    "Pedestrian_image/easy_R40": 69.49148787660586,
    "Pedestrian_image/moderate_R40": 64.0245708069641,
    "Pedestrian_image/hard_R40": 59.41280188010486,
    "Cyclist_aos/easy_R40": 28.46290156219151,
    "Cyclist_aos/moderate_R40": 43.38455289870854,
    "Cyclist_aos/hard_R40": 49.057334083832004,
    "Cyclist_3d/easy_R40": 27.743144393915774,
    "Cyclist_3d/moderate_R40": 40.17414215686274,
    "Cyclist_3d/hard_R40": 42.65017580656513,
    "Cyclist_bev/easy_R40": 27.743144393915774,
    "Cyclist_bev/moderate_R40": 40.17414215686274,
    "Cyclist_bev/hard_R40": 42.65017580656513,
    "Cyclist_image/easy_R40": 28.550852595680183,
    "Cyclist_image/moderate_R40": 44.022776888711306,
    "Cyclist_image/hard_R40": 49.72924595533416
  },
  "cfg_file": "/home/nas/polin/cmu-berlin/MLS/OpenPCDet/tools/cfgs/kitti_models/pointpillar.yaml",
  "ckpt": "/home/nas/polin/cmu-berlin/MLS/OpenPCDet/tools/ckpt/pointpillar_7728.pth",
  "eval_result_dir": "/home/nas/polin/cmu-berlin/MLS/profile_outputs/research_matrix/M1_AMP/kitti_eval_run"
}