{
  "metrics": {
    "recall/roi_0.3": 0.0,
    "recall/rcnn_0.3": 0.9420759697039247,
    "recall/roi_0.5": 0.0,
    "recall/rcnn_0.5": 0.8972056460867569,
    "recall/roi_0.7": 0.0,
    "recall/rcnn_0.7": 0.687657792058756,
    "Car_aos/easy_R40": 97.66230550386446,
    "Car_aos/moderate_R40": 94.9110337347387,
    "Car_aos/hard_R40": 93.77322681666159,
    "Car_3d/easy_R40": 91.76115031107001,
    "Car_3d/moderate_R40": 84.79534627835199,
    "Car_3d/hard_R40": 81.45512251382713,
    "Car_bev/easy_R40": 95.15101605245597,
    "Car_bev/moderate_R40": 91.5126060266943,
    "Car_bev/hard_R40": 88.77709791444236,
    "Car_image/easy_R40": 97.68355369033401,
    "Car_image/moderate_R40": 95.05568453517131,
    "Car_image/hard_R40": 94.01261432202827,
    "Pedestrian_aos/easy_R40": 51.967641704437064,
    "Pedestrian_aos/moderate_R40": 47.63126875547272,
    "Pedestrian_aos/hard_R40": 44.958241744154535,
    "Pedestrian_3d/easy_R40": 60.335665865378864,
    "Pedestrian_3d/moderate_R40": 54.51673166479033,
    "Pedestrian_3d/hard_R40": 50.897133490515955,
    "Pedestrian_bev/easy_R40": 65.06944680531522,
    "Pedestrian_bev/moderate_R40": 59.24057058606186,
    "Pedestrian_bev/hard_R40": 55.78800664627206,
    "Pedestrian_image/easy_R40": 69.44532049336432,
    "Pedestrian_image/moderate_R40": 64.02016650145038,
    "Pedestrian_image/hard_R40": 60.92973284890108,
    "Cyclist_aos/easy_R40": 92.06581951329211,
    "Cyclist_aos/moderate_R40": 81.4911360119109,
    "Cyclist_aos/hard_R40": 78.09076192108614,
    "Cyclist_3d/easy_R40": 86.35846994800816,
    "Cyclist_3d/moderate_R40": 72.783121397825,
    "Cyclist_3d/hard_R40": 69.01744434640233,
    "Cyclist_bev/easy_R40": 88.59778314668907,
    "Cyclist_bev/moderate_R40": 75.30110540197957,
    "Cyclist_bev/hard_R40": 71.61065167791908,
    "Cyclist_image/easy_R40": 92.38146833552312,
    "Cyclist_image/moderate_R40": 82.41354104200099,
    "Cyclist_image/hard_R40": 79.0362343958411
  },
  "cfg_file": "/opt/OpenPCDet/tools/cfgs/kitti_models/pointpillar.yaml",
  "ckpt": "/opt/OpenPCDet/tools/ckpt/pointpillar_7728.pth",
  "eval_result_dir": "/__modal/volumes/vo-IonADsHkUVjfGkodF5a2qa/modal_v2/research_matrix/M0_AMP/eval/kitti_eval_run"
}