{
  "PillarVFE": 3.3168537858430676,
  "PointPillarScatter": 2.434607017025333,
  "BaseBEVBackbone": 24.238015648718918,
  "AnchorHeadSingle": 5.580334138213767,
  "post_processing": 4.081145837996272
}