{
  "PillarVFE": 4.8862529539495,
  "PointPillarScatter": 2.2342275419879765,
  "BaseBEVBackbone": 15.663795104164057,
  "AnchorHeadSingle": 5.9114191556006705,
  "post_processing": 79.5739605453644
}