{
  "PillarVFE": 1.7802946094577392,
  "PointPillarScatter": 0.916588855177649,
  "BaseBEVBackbone": 7.347628773079348,
  "AnchorHeadSingle": 2.7172294143442817,
  "post_processing": 2.9480673708814256
}