{
  "PillarVFE": 1.4790281067801656,
  "PointPillarScatter": 0.7135533024283016,
  "BaseBEVBackbone": 4.648751502341413,
  "AnchorHeadSingle": 1.5908454343284921,
  "post_processing": 2.745320286410622
}