{
  "metrics": {
    "recall/roi_0.3": 0.0,
    "recall/rcnn_0.3": 0.9365798414496036,
    "recall/roi_0.5": 0.0,
    "recall/rcnn_0.5": 0.8935447338618346,
    "recall/roi_0.7": 0.0,
    "recall/rcnn_0.7": 0.7078142695356738,
    "Car_aos/easy_R40": 96.83069719143985,
    "Car_aos/moderate_R40": 94.59674110357476,
    "Car_aos/hard_R40": 91.67530372304003,
    "Car_3d/easy_R40": 91.28672269145582,
    "Car_3d/moderate_R40": 82.81454218246822,
    "Car_3d/hard_R40": 81.36565567785517,
    "Car_bev/easy_R40": 95.81907593862826,
    "Car_bev/moderate_R40": 89.7507633842255,
    "Car_bev/hard_R40": 87.88032300606444,
    "Car_image/easy_R40": 96.84451791674539,
    "Car_image/moderate_R40": 94.72805306560102,
    "Car_image/hard_R40": 91.83561497483268,
    "Pedestrian_aos/easy_R40": 66.47997567812259,
    "Pedestrian_aos/moderate_R40": 60.551573586764306,
    "Pedestrian_aos/hard_R40": 56.90809806791538,
    "Pedestrian_3d/easy_R40": 61.91212659697306,
    "Pedestrian_3d/moderate_R40": 55.9819954933956,
    "Pedestrian_3d/hard_R40": 51.60329947380525,
    "Pedestrian_bev/easy_R40": 64.43120307128333,
    "Pedestrian_bev/moderate_R40": 58.33456554721177,
    "Pedestrian_bev/hard_R40": 53.937310275564165,
    "Pedestrian_image/easy_R40": 79.67553321432324,
    "Pedestrian_image/moderate_R40": 74.09032183959991,
    "Pedestrian_image/hard_R40": 71.39632117937839,
    "Cyclist_aos/easy_R40": 40.657957116336455,
    "Cyclist_aos/moderate_R40": 68.35949199689331,
    "Cyclist_aos/hard_R40": 73.52398085145283,
    "Cyclist_3d/easy_R40": 39.43910256410257,
    "Cyclist_3d/moderate_R40": 57.81949262402103,
    "Cyclist_3d/hard_R40": 62.73208335730867,
    "Cyclist_bev/easy_R40": 39.66231884057972,
    "Cyclist_bev/moderate_R40": 60.2869436101236,
    "Cyclist_bev/hard_R40": 65.2217648393335,
    "Cyclist_image/easy_R40": 40.69164078674949,
    "Cyclist_image/moderate_R40": 68.42180382254367,
    "Cyclist_image/hard_R40": 73.59258259334278
  },
  "cfg_file": "/opt/OpenPCDet/tools/cfgs/kitti_models/pointpillar.yaml",
  "ckpt": "/opt/OpenPCDet/tools/ckpt/pointpillar_7728.pth",
  "eval_result_dir": "/__modal/volumes/vo-IonADsHkUVjfGkodF5a2qa/modal_v4_t4/M4_AMP/kitti_eval_run"
}