{
  "metrics": {
    "recall/roi_0.3": 0.0,
    "recall/rcnn_0.3": 0.9421907275648382,
    "recall/roi_0.5": 0.0,
    "recall/rcnn_0.5": 0.8973204039476704,
    "recall/roi_0.7": 0.0,
    "recall/rcnn_0.7": 0.6875430341978426,
    "Car_aos/easy_R40": 97.65539344652385,
    "Car_aos/moderate_R40": 94.89366099690997,
    "Car_aos/hard_R40": 93.76745423579123,
    "Car_3d/easy_R40": 91.78768136092053,
    "Car_3d/moderate_R40": 84.818226110438,
    "Car_3d/hard_R40": 81.4698210432752,
    "Car_bev/easy_R40": 95.14803013397677,
    "Car_bev/moderate_R40": 91.5298169191673,
    "Car_bev/hard_R40": 88.79182676135406,
    "Car_image/easy_R40": 97.67663320046556,
    "Car_image/moderate_R40": 95.04064998676455,
    "Car_image/hard_R40": 94.00888009943274,
    "Pedestrian_aos/easy_R40": 51.868676840085215,
    "Pedestrian_aos/moderate_R40": 47.53293281341029,
    "Pedestrian_aos/hard_R40": 44.89157183176299,
    "Pedestrian_3d/easy_R40": 60.35897907315923,
    "Pedestrian_3d/moderate_R40": 54.53604648845538,
    "Pedestrian_3d/hard_R40": 50.89614933066423,
    "Pedestrian_bev/easy_R40": 65.0830703209767,
    "Pedestrian_bev/moderate_R40": 59.278826501845415,
    "Pedestrian_bev/hard_R40": 55.80986758431982,
    "Pedestrian_image/easy_R40": 69.42557516653241,
    "Pedestrian_image/moderate_R40": 63.973325055579586,
    "Pedestrian_image/hard_R40": 60.90184629735589,
    "Cyclist_aos/easy_R40": 92.09191579660984,
    "Cyclist_aos/moderate_R40": 81.5545151832687,
    "Cyclist_aos/hard_R40": 78.16774504518898,
    "Cyclist_3d/easy_R40": 86.3612201053057,
    "Cyclist_3d/moderate_R40": 72.78436681933408,
    "Cyclist_3d/hard_R40": 69.04229675716,
    "Cyclist_bev/easy_R40": 88.60857305928427,
    "Cyclist_bev/moderate_R40": 75.31553589104192,
    "Cyclist_bev/hard_R40": 71.63249625957044,
    "Cyclist_image/easy_R40": 92.4081015569147,
    "Cyclist_image/moderate_R40": 82.42463049823763,
    "Cyclist_image/hard_R40": 79.05989211695405
  },
  "cfg_file": "/opt/OpenPCDet/tools/cfgs/kitti_models/pointpillar.yaml",
  "ckpt": "/opt/OpenPCDet/tools/ckpt/pointpillar_7728.pth",
  "eval_result_dir": "/__modal/volumes/vo-IonADsHkUVjfGkodF5a2qa/modal_v4_a10/M2_FP32_mem_scatter/kitti_eval_run"
}