{
  "metrics": {
    "recall/roi_0.3": 0.0,
    "recall/rcnn_0.3": 0.9422194170300665,
    "recall/roi_0.5": 0.0,
    "recall/rcnn_0.5": 0.8973204039476704,
    "recall/roi_0.7": 0.0,
    "recall/rcnn_0.7": 0.6875430341978426,
    "Car_aos/easy_R40": 97.65604124956276,
    "Car_aos/moderate_R40": 94.89038729553381,
    "Car_aos/hard_R40": 93.76342662298173,
    "Car_3d/easy_R40": 91.7873099698403,
    "Car_3d/moderate_R40": 84.81658426502662,
    "Car_3d/hard_R40": 81.46851908697943,
    "Car_bev/easy_R40": 95.14810892865466,
    "Car_bev/moderate_R40": 91.5268058247898,
    "Car_bev/hard_R40": 88.79066229180432,
    "Car_image/easy_R40": 97.6772753408379,
    "Car_image/moderate_R40": 95.03735666436415,
    "Car_image/hard_R40": 94.00467404580235,
    "Pedestrian_aos/easy_R40": 51.86778810515019,
    "Pedestrian_aos/moderate_R40": 47.53379342666187,
    "Pedestrian_aos/hard_R40": 44.88567232259996,
    "Pedestrian_3d/easy_R40": 60.357217001488465,
    "Pedestrian_3d/moderate_R40": 54.53704594494603,
    "Pedestrian_3d/hard_R40": 50.891769743384415,
    "Pedestrian_bev/easy_R40": 65.08160492167912,
    "Pedestrian_bev/moderate_R40": 59.28100872976838,
    "Pedestrian_bev/hard_R40": 55.81075278493125,
    "Pedestrian_image/easy_R40": 69.4229499073421,
    "Pedestrian_image/moderate_R40": 63.974566249766404,
    "Pedestrian_image/hard_R40": 60.89360870988553,
    "Cyclist_aos/easy_R40": 92.07372648841981,
    "Cyclist_aos/moderate_R40": 81.55600255221167,
    "Cyclist_aos/hard_R40": 78.16102326821637,
    "Cyclist_3d/easy_R40": 86.34660854701973,
    "Cyclist_3d/moderate_R40": 72.78948654357788,
    "Cyclist_3d/hard_R40": 69.03920380974911,
    "Cyclist_bev/easy_R40": 88.58609225239495,
    "Cyclist_bev/moderate_R40": 75.31104225788525,
    "Cyclist_bev/hard_R40": 71.63972983567616,
    "Cyclist_image/easy_R40": 92.38970483265611,
    "Cyclist_image/moderate_R40": 82.42607607211706,
    "Cyclist_image/hard_R40": 79.05307224894933
  },
  "cfg_file": "/opt/OpenPCDet/tools/cfgs/kitti_models/pointpillar.yaml",
  "ckpt": "/opt/OpenPCDet/tools/ckpt/pointpillar_7728.pth",
  "eval_result_dir": "/__modal/volumes/vo-IonADsHkUVjfGkodF5a2qa/modal_v4_a10/M3_FP32/kitti_eval_run"
}