{
  "metrics": {
    "recall/roi_0.3": 0.0,
    "recall/rcnn_0.3": 0.9365798414496036,
    "recall/roi_0.5": 0.0,
    "recall/rcnn_0.5": 0.8935447338618346,
    "recall/roi_0.7": 0.0,
    "recall/rcnn_0.7": 0.7078142695356738,
    "Car_aos/easy_R40": 96.83064899706328,
    "Car_aos/moderate_R40": 94.59150870860981,
    "Car_aos/hard_R40": 91.6839959550471,
    "Car_3d/easy_R40": 91.28672269145582,
    "Car_3d/moderate_R40": 82.81887918049631,
    "Car_3d/hard_R40": 80.934842471516,
    "Car_bev/easy_R40": 95.81766986438754,
    "Car_bev/moderate_R40": 89.74919047331363,
    "Car_bev/hard_R40": 86.59172781478644,
    "Car_image/easy_R40": 96.84451791674539,
    "Car_image/moderate_R40": 94.72574137591599,
    "Car_image/hard_R40": 91.84191381258245,
    "Pedestrian_aos/easy_R40": 66.49111899730076,
    "Pedestrian_aos/moderate_R40": 60.54972932473981,
    "Pedestrian_aos/hard_R40": 56.91134393395429,
    "Pedestrian_3d/easy_R40": 61.92288667023313,
    "Pedestrian_3d/moderate_R40": 55.984495017295814,
    "Pedestrian_3d/hard_R40": 51.601873039489945,
    "Pedestrian_bev/easy_R40": 64.44242102000129,
    "Pedestrian_bev/moderate_R40": 58.3371737264619,
    "Pedestrian_bev/hard_R40": 53.95271418774288,
    "Pedestrian_image/easy_R40": 79.69135977906285,
    "Pedestrian_image/moderate_R40": 74.08826990319722,
    "Pedestrian_image/hard_R40": 71.40017924082159,
    "Cyclist_aos/easy_R40": 40.65797144851029,
    "Cyclist_aos/moderate_R40": 68.35950382554418,
    "Cyclist_aos/hard_R40": 73.52400969183286,
    "Cyclist_3d/easy_R40": 39.43910256410257,
    "Cyclist_3d/moderate_R40": 57.81949262402103,
    "Cyclist_3d/hard_R40": 62.73208335730867,
    "Cyclist_bev/easy_R40": 39.66231884057972,
    "Cyclist_bev/moderate_R40": 60.2869436101236,
    "Cyclist_bev/hard_R40": 65.2217648393335,
    "Cyclist_image/easy_R40": 40.69164078674949,
    "Cyclist_image/moderate_R40": 68.42180382254367,
    "Cyclist_image/hard_R40": 73.59258259334278
  },
  "cfg_file": "/opt/OpenPCDet/tools/cfgs/kitti_models/pointpillar.yaml",
  "ckpt": "/opt/OpenPCDet/tools/ckpt/pointpillar_7728.pth",
  "eval_result_dir": "/__modal/volumes/vo-IonADsHkUVjfGkodF5a2qa/research_matrix/M4_FP32/kitti_eval_run"
}