{
  "PillarVFE": 1.8175382023311228,
  "PointPillarScatter": 1.0719680780164889,
  "BaseBEVBackbone": 6.889753907434036,
  "AnchorHeadSingle": 2.831594333779976,
  "post_processing": 2.9267878066911566
}