{
  "metrics": {
    "recall/roi_0.3": 0.0,
    "recall/rcnn_0.3": 0.9421907275648382,
    "recall/roi_0.5": 0.0,
    "recall/rcnn_0.5": 0.8972630250172137,
    "recall/roi_0.7": 0.0,
    "recall/rcnn_0.7": 0.6875143447326142,
    "Car_aos/easy_R40": 97.65842258987038,
    "Car_aos/moderate_R40": 94.89266584088575,
    "Car_aos/hard_R40": 93.76305599668552,
    "Car_3d/easy_R40": 91.76232459118114,
    "Car_3d/moderate_R40": 84.80334117388205,
    "Car_3d/hard_R40": 81.449571247204,
    "Car_bev/easy_R40": 95.14873970581853,
    "Car_bev/moderate_R40": 91.52669476090777,
    "Car_bev/hard_R40": 88.78836000142928,
    "Car_image/easy_R40": 97.67966591860923,
    "Car_image/moderate_R40": 95.03964475920547,
    "Car_image/hard_R40": 94.00478041251876,
    "Pedestrian_aos/easy_R40": 51.87112202768907,
    "Pedestrian_aos/moderate_R40": 47.52260557475239,
    "Pedestrian_aos/hard_R40": 44.87787367657178,
    "Pedestrian_3d/easy_R40": 60.368361518204715,
    "Pedestrian_3d/moderate_R40": 54.54269941337675,
    "Pedestrian_3d/hard_R40": 50.87851139034429,
    "Pedestrian_bev/easy_R40": 65.0620123079732,
    "Pedestrian_bev/moderate_R40": 59.253067975848,
    "Pedestrian_bev/hard_R40": 55.765567612763576,
    "Pedestrian_image/easy_R40": 69.41923760959405,
    "Pedestrian_image/moderate_R40": 63.968165600987156,
    "Pedestrian_image/hard_R40": 60.89141564901285,
    "Cyclist_aos/easy_R40": 92.09717804979476,
    "Cyclist_aos/moderate_R40": 81.54237436613174,
    "Cyclist_aos/hard_R40": 78.17132569299065,
    "Cyclist_3d/easy_R40": 86.36885554379235,
    "Cyclist_3d/moderate_R40": 72.79356523971192,
    "Cyclist_3d/hard_R40": 69.04471217561434,
    "Cyclist_bev/easy_R40": 88.5968862096132,
    "Cyclist_bev/moderate_R40": 75.31161303686535,
    "Cyclist_bev/hard_R40": 71.63541667458796,
    "Cyclist_image/easy_R40": 92.41294622440206,
    "Cyclist_image/moderate_R40": 82.4121407918133,
    "Cyclist_image/hard_R40": 79.0562594094478
  },
  "cfg_file": "/opt/OpenPCDet/tools/cfgs/kitti_models/pointpillar.yaml",
  "ckpt": "/opt/OpenPCDet/tools/ckpt/pointpillar_7728.pth",
  "eval_result_dir": "/__modal/volumes/vo-IonADsHkUVjfGkodF5a2qa/modal_v3_h100/M1_FP32/kitti_eval_run"
}