{
  "metrics": {
    "recall/roi_0.3": 0.0,
    "recall/rcnn_0.3": 0.9365798414496036,
    "recall/roi_0.5": 0.0,
    "recall/rcnn_0.5": 0.8935447338618346,
    "recall/roi_0.7": 0.0,
    "recall/rcnn_0.7": 0.7089467723669309,
    "Car_aos/easy_R40": 96.83053507318643,
    "Car_aos/moderate_R40": 94.58501192330623,
    "Car_aos/hard_R40": 91.67977042728639,
    "Car_3d/easy_R40": 91.27046111443275,
    "Car_3d/moderate_R40": 82.75086775604031,
    "Car_3d/hard_R40": 81.36855084895154,
    "Car_bev/easy_R40": 95.79782859454629,
    "Car_bev/moderate_R40": 89.73023765379224,
    "Car_bev/hard_R40": 86.5850755587351,
    "Car_image/easy_R40": 96.84451791674539,
    "Car_image/moderate_R40": 94.71922535298273,
    "Car_image/hard_R40": 91.8375404145104,
    "Pedestrian_aos/easy_R40": 66.57364760221398,
    "Pedestrian_aos/moderate_R40": 60.22958987793032,
    "Pedestrian_aos/hard_R40": 56.802430499790034,
    "Pedestrian_3d/easy_R40": 61.86682333058771,
    "Pedestrian_3d/moderate_R40": 56.012553333870066,
    "Pedestrian_3d/hard_R40": 51.59811781647775,
    "Pedestrian_bev/easy_R40": 64.26615271035328,
    "Pedestrian_bev/moderate_R40": 58.337173376464044,
    "Pedestrian_bev/hard_R40": 53.93551369769566,
    "Pedestrian_image/easy_R40": 79.69135977906285,
    "Pedestrian_image/moderate_R40": 73.96506143300141,
    "Pedestrian_image/hard_R40": 71.38961514578389,
    "Cyclist_aos/easy_R40": 40.658684855385474,
    "Cyclist_aos/moderate_R40": 68.4461379650048,
    "Cyclist_aos/hard_R40": 73.60493131892075,
    "Cyclist_3d/easy_R40": 39.43910256410257,
    "Cyclist_3d/moderate_R40": 57.85923241234141,
    "Cyclist_3d/hard_R40": 62.769966769175824,
    "Cyclist_bev/easy_R40": 39.66231884057972,
    "Cyclist_bev/moderate_R40": 60.32780960687194,
    "Cyclist_bev/hard_R40": 65.26057342640159,
    "Cyclist_image/easy_R40": 40.69164078674949,
    "Cyclist_image/moderate_R40": 68.51103396891875,
    "Cyclist_image/hard_R40": 73.67562336312335
  },
  "cfg_file": "/opt/OpenPCDet/tools/cfgs/kitti_models/pointpillar.yaml",
  "ckpt": "/opt/OpenPCDet/tools/ckpt/pointpillar_7728.pth",
  "eval_result_dir": "/__modal/volumes/vo-IonADsHkUVjfGkodF5a2qa/research_matrix/M1_FP32/kitti_eval_run"
}