{
  "metrics": {
    "recall/roi_0.3": 0.0,
    "recall/rcnn_0.3": 0.9421046591691531,
    "recall/roi_0.5": 0.0,
    "recall/rcnn_0.5": 0.897291714482442,
    "recall/roi_0.7": 0.0,
    "recall/rcnn_0.7": 0.687571723663071,
    "Car_aos/easy_R40": 97.66001687011648,
    "Car_aos/moderate_R40": 94.90816809739748,
    "Car_aos/hard_R40": 93.77038012846688,
    "Car_3d/easy_R40": 91.75821605805598,
    "Car_3d/moderate_R40": 84.79285436604928,
    "Car_3d/hard_R40": 81.45187078597823,
    "Car_bev/easy_R40": 95.14992747999229,
    "Car_bev/moderate_R40": 91.50743769735075,
    "Car_bev/hard_R40": 88.77307478351014,
    "Car_image/easy_R40": 97.68125019381667,
    "Car_image/moderate_R40": 95.05279239321396,
    "Car_image/hard_R40": 94.00975211033517,
    "Pedestrian_aos/easy_R40": 51.967466913196816,
    "Pedestrian_aos/moderate_R40": 47.61167761675785,
    "Pedestrian_aos/hard_R40": 44.95012721136214,
    "Pedestrian_3d/easy_R40": 60.32830156074092,
    "Pedestrian_3d/moderate_R40": 54.50353373386548,
    "Pedestrian_3d/hard_R40": 50.88337636123485,
    "Pedestrian_bev/easy_R40": 65.06441616439328,
    "Pedestrian_bev/moderate_R40": 59.24849885625238,
    "Pedestrian_bev/hard_R40": 55.79097076015318,
    "Pedestrian_image/easy_R40": 69.44507945934146,
    "Pedestrian_image/moderate_R40": 64.01222441816785,
    "Pedestrian_image/hard_R40": 60.921283405182656,
    "Cyclist_aos/easy_R40": 92.04769351195637,
    "Cyclist_aos/moderate_R40": 81.49007434313408,
    "Cyclist_aos/hard_R40": 78.09020469817727,
    "Cyclist_3d/easy_R40": 86.34519970117313,
    "Cyclist_3d/moderate_R40": 72.79206641335627,
    "Cyclist_3d/hard_R40": 69.01450570547954,
    "Cyclist_bev/easy_R40": 88.57282033864777,
    "Cyclist_bev/moderate_R40": 75.29289371435995,
    "Cyclist_bev/hard_R40": 71.63041999217586,
    "Cyclist_image/easy_R40": 92.36328093839685,
    "Cyclist_image/moderate_R40": 82.41165479094597,
    "Cyclist_image/hard_R40": 79.03565866897169
  },
  "cfg_file": "/opt/OpenPCDet/tools/cfgs/kitti_models/pointpillar.yaml",
  "ckpt": "/opt/OpenPCDet/tools/ckpt/pointpillar_7728.pth",
  "eval_result_dir": "/__modal/volumes/vo-IonADsHkUVjfGkodF5a2qa/modal_v3_t4/M3_AMP/kitti_eval_run"
}