{
  "metrics": {
    "recall/roi_0.3": 0.0,
    "recall/rcnn_0.3": 0.9377123442808607,
    "recall/roi_0.5": 0.0,
    "recall/rcnn_0.5": 0.8946772366930917,
    "recall/roi_0.7": 0.0,
    "recall/rcnn_0.7": 0.7089467723669309,
    "Car_aos/easy_R40": 96.83066230002355,
    "Car_aos/moderate_R40": 94.59816170290972,
    "Car_aos/hard_R40": 91.67764120882948,
    "Car_3d/easy_R40": 91.28672269145582,
    "Car_3d/moderate_R40": 82.81299900812552,
    "Car_3d/hard_R40": 80.93180472555437,
    "Car_bev/easy_R40": 95.81907593862826,
    "Car_bev/moderate_R40": 89.74946918011409,
    "Car_bev/hard_R40": 86.60066524910086,
    "Car_image/easy_R40": 96.84451791674539,
    "Car_image/moderate_R40": 94.72948590193259,
    "Car_image/hard_R40": 91.83802614878684,
    "Pedestrian_aos/easy_R40": 66.49145820782032,
    "Pedestrian_aos/moderate_R40": 60.55509003890086,
    "Pedestrian_aos/hard_R40": 56.90946556385769,
    "Pedestrian_3d/easy_R40": 61.92288667023313,
    "Pedestrian_3d/moderate_R40": 55.983241734889496,
    "Pedestrian_3d/hard_R40": 51.60660514910362,
    "Pedestrian_bev/easy_R40": 64.44242102000129,
    "Pedestrian_bev/moderate_R40": 58.33586594253195,
    "Pedestrian_bev/hard_R40": 53.93867191014813,
    "Pedestrian_image/easy_R40": 79.69135977906285,
    "Pedestrian_image/moderate_R40": 74.09500455869305,
    "Pedestrian_image/hard_R40": 71.39824425630145,
    "Cyclist_aos/easy_R40": 40.657930672719885,
    "Cyclist_aos/moderate_R40": 68.3594486050054,
    "Cyclist_aos/hard_R40": 73.52393719240027,
    "Cyclist_3d/easy_R40": 39.43910256410257,
    "Cyclist_3d/moderate_R40": 57.81949262402103,
    "Cyclist_3d/hard_R40": 62.73208335730867,
    "Cyclist_bev/easy_R40": 39.66231884057972,
    "Cyclist_bev/moderate_R40": 60.2869436101236,
    "Cyclist_bev/hard_R40": 65.2217648393335,
    "Cyclist_image/easy_R40": 40.69164078674949,
    "Cyclist_image/moderate_R40": 68.42180382254367,
    "Cyclist_image/hard_R40": 73.59258259334278
  },
  "cfg_file": "/opt/OpenPCDet/tools/cfgs/kitti_models/pointpillar.yaml",
  "ckpt": "/opt/OpenPCDet/tools/ckpt/pointpillar_7728.pth",
  "eval_result_dir": "/__modal/volumes/vo-IonADsHkUVjfGkodF5a2qa/research_matrix/M4_AMP/kitti_eval_run"
}