{
  "metrics": {
    "recall/roi_0.3": 0.0,
    "recall/rcnn_0.3": 0.9421620380996099,
    "recall/roi_0.5": 0.0,
    "recall/rcnn_0.5": 0.897291714482442,
    "recall/roi_0.7": 0.0,
    "recall/rcnn_0.7": 0.687428276336929,
    "Car_aos/easy_R40": 97.65771738378683,
    "Car_aos/moderate_R40": 94.8927479763207,
    "Car_aos/hard_R40": 93.7664419823215,
    "Car_3d/easy_R40": 91.78749153354693,
    "Car_3d/moderate_R40": 84.81641732439937,
    "Car_3d/hard_R40": 81.46160967806682,
    "Car_bev/easy_R40": 95.14897643980702,
    "Car_bev/moderate_R40": 91.53005765419549,
    "Car_bev/hard_R40": 88.79003559886026,
    "Car_image/easy_R40": 97.67896185881716,
    "Car_image/moderate_R40": 95.03973152099023,
    "Car_image/hard_R40": 94.00821497637688,
    "Pedestrian_aos/easy_R40": 51.873240983226175,
    "Pedestrian_aos/moderate_R40": 47.52308042431771,
    "Pedestrian_aos/hard_R40": 44.877395079119474,
    "Pedestrian_3d/easy_R40": 60.367624899957626,
    "Pedestrian_3d/moderate_R40": 54.54351548869625,
    "Pedestrian_3d/hard_R40": 50.877920328729196,
    "Pedestrian_bev/easy_R40": 65.0625134981511,
    "Pedestrian_bev/moderate_R40": 59.25377041502914,
    "Pedestrian_bev/hard_R40": 55.76591872120995,
    "Pedestrian_image/easy_R40": 69.41806896342294,
    "Pedestrian_image/moderate_R40": 63.96948523378568,
    "Pedestrian_image/hard_R40": 60.89220951967877,
    "Cyclist_aos/easy_R40": 92.09044715075241,
    "Cyclist_aos/moderate_R40": 81.54734981193621,
    "Cyclist_aos/hard_R40": 78.16677198672085,
    "Cyclist_3d/easy_R40": 86.36677789742168,
    "Cyclist_3d/moderate_R40": 72.79054305353762,
    "Cyclist_3d/hard_R40": 69.04592866549359,
    "Cyclist_bev/easy_R40": 88.59767374421479,
    "Cyclist_bev/moderate_R40": 75.30293791434556,
    "Cyclist_bev/hard_R40": 71.63308873914738,
    "Cyclist_image/easy_R40": 92.40617187741333,
    "Cyclist_image/moderate_R40": 82.41727596460444,
    "Cyclist_image/hard_R40": 79.05172567631182
  },
  "cfg_file": "/opt/OpenPCDet/tools/cfgs/kitti_models/pointpillar.yaml",
  "ckpt": "/opt/OpenPCDet/tools/ckpt/pointpillar_7728.pth",
  "eval_result_dir": "/__modal/volumes/vo-IonADsHkUVjfGkodF5a2qa/modal_v2_h100/M2_FP32_mem_conv2d/eval/kitti_eval_run"
}