{
  "metrics": {
    "recall/roi_0.3": 0.0,
    "recall/rcnn_0.3": 0.9303097345132744,
    "recall/roi_0.5": 0.0,
    "recall/rcnn_0.5": 0.8761061946902655,
    "recall/roi_0.7": 0.0,
    "recall/rcnn_0.7": 0.620575221238938,
    "Car_aos/easy_R40": 95.13119193502698,
    "Car_aos/moderate_R40": 91.7688022002844,
    "Car_aos/hard_R40": 90.20020728976682,
    "Car_3d/easy_R40": 84.72815233052394,
    "Car_3d/moderate_R40": 76.63354803043359,
    "Car_3d/hard_R40": 74.90368374477106,
    "Car_bev/easy_R40": 90.0359987427676,
    "Car_bev/moderate_R40": 85.77171495998135,
    "Car_bev/hard_R40": 84.54935991858186,
    "Car_image/easy_R40": 95.14253733838206,
    "Car_image/moderate_R40": 91.95345769682766,
    "Car_image/hard_R40": 90.44134403930786,
    "Pedestrian_aos/easy_R40": 53.98107883117673,
    "Pedestrian_aos/moderate_R40": 42.85459417718965,
    "Pedestrian_aos/hard_R40": 38.84926379235322,
    "Pedestrian_3d/easy_R40": 69.42668196238591,
    "Pedestrian_3d/moderate_R40": 57.49953302021861,
    "Pedestrian_3d/hard_R40": 50.615008711890006,
    "Pedestrian_bev/easy_R40": 70.72981733233848,
    "Pedestrian_bev/moderate_R40": 59.93651728286535,
    "Pedestrian_bev/hard_R40": 52.28818279918934,
    "Pedestrian_image/easy_R40": 69.5288035585263,
    "Pedestrian_image/moderate_R40": 64.04537389336096,
    "Pedestrian_image/hard_R40": 59.419839113406326,
    "Cyclist_aos/easy_R40": 28.516801793173148,
    "Cyclist_aos/moderate_R40": 43.43031357223757,
    "Cyclist_aos/hard_R40": 49.10604502955399,
    "Cyclist_3d/easy_R40": 27.789440690212075,
    "Cyclist_3d/moderate_R40": 40.209856442577035,
    "Cyclist_3d/hard_R40": 42.68583646722579,
    "Cyclist_bev/easy_R40": 27.789440690212075,
    "Cyclist_bev/moderate_R40": 40.209856442577035,
    "Cyclist_bev/hard_R40": 42.68583646722579,
    "Cyclist_image/easy_R40": 28.605019262346847,
    "Cyclist_image/moderate_R40": 44.07143933635203,
    "Cyclist_image/hard_R40": 49.78086869985427
  },
  "cfg_file": "/home/nas/polin/cmu-berlin/MLS/OpenPCDet/tools/cfgs/kitti_models/pointpillar.yaml",
  "ckpt": "/home/nas/polin/cmu-berlin/MLS/OpenPCDet/tools/ckpt/pointpillar_7728.pth",
  "eval_result_dir": "/home/nas/polin/cmu-berlin/MLS/profile_outputs/research_matrix/M2_FP32_mem_conv2d/kitti_eval_run"
}