{
  "PillarVFE": 3.290811235227334,
  "PointPillarScatter": 1.5375929116009175,
  "BaseBEVBackbone": 18.3011556847373,
  "AnchorHeadSingle": 5.305248162624087,
  "post_processing": 6.162830098549624
}