{
  "metrics": {
    "recall/roi_0.3": 0.0,
    "recall/rcnn_0.3": 0.9421907275648382,
    "recall/roi_0.5": 0.0,
    "recall/rcnn_0.5": 0.8973204039476704,
    "recall/roi_0.7": 0.0,
    "recall/rcnn_0.7": 0.6875430341978426,
    "Car_aos/easy_R40": 97.65539344508328,
    "Car_aos/moderate_R40": 94.89366099696899,
    "Car_aos/hard_R40": 93.76745423598972,
    "Car_3d/easy_R40": 91.78768136092053,
    "Car_3d/moderate_R40": 84.818226110438,
    "Car_3d/hard_R40": 81.4698210432752,
    "Car_bev/easy_R40": 95.14803013397677,
    "Car_bev/moderate_R40": 91.5298169191673,
    "Car_bev/hard_R40": 88.79182676135406,
    "Car_image/easy_R40": 97.67663320046556,
    "Car_image/moderate_R40": 95.04064998676455,
    "Car_image/hard_R40": 94.00888009943274,
    "Pedestrian_aos/easy_R40": 51.868676827658014,
    "Pedestrian_aos/moderate_R40": 47.53293279865701,
    "Pedestrian_aos/hard_R40": 44.891571818430755,
    "Pedestrian_3d/easy_R40": 60.35897907315923,
    "Pedestrian_3d/moderate_R40": 54.53604648845538,
    "Pedestrian_3d/hard_R40": 50.89614933066423,
    "Pedestrian_bev/easy_R40": 65.0830703209767,
    "Pedestrian_bev/moderate_R40": 59.278826501845415,
    "Pedestrian_bev/hard_R40": 55.80986758431982,
    "Pedestrian_image/easy_R40": 69.42557516653241,
    "Pedestrian_image/moderate_R40": 63.973325055579586,
    "Pedestrian_image/hard_R40": 60.90184629735589,
    "Cyclist_aos/easy_R40": 92.09191580635213,
    "Cyclist_aos/moderate_R40": 81.55451519004261,
    "Cyclist_aos/hard_R40": 78.16774505151929,
    "Cyclist_3d/easy_R40": 86.3612201053057,
    "Cyclist_3d/moderate_R40": 72.78436681933408,
    "Cyclist_3d/hard_R40": 69.04229675716,
    "Cyclist_bev/easy_R40": 88.60857305928427,
    "Cyclist_bev/moderate_R40": 75.31553589104192,
    "Cyclist_bev/hard_R40": 71.63249625957044,
    "Cyclist_image/easy_R40": 92.4081015569147,
    "Cyclist_image/moderate_R40": 82.42463049823763,
    "Cyclist_image/hard_R40": 79.05989211695405
  },
  "cfg_file": "/opt/OpenPCDet/tools/cfgs/kitti_models/pointpillar.yaml",
  "ckpt": "/opt/OpenPCDet/tools/ckpt/pointpillar_7728.pth",
  "eval_result_dir": "/__modal/volumes/vo-IonADsHkUVjfGkodF5a2qa/modal_v3_a10/M1_FP32/kitti_eval_run"
}