{
  "metrics": {
    "recall/roi_0.3": 0.0,
    "recall/rcnn_0.3": 0.9365798414496036,
    "recall/roi_0.5": 0.0,
    "recall/rcnn_0.5": 0.8935447338618346,
    "recall/roi_0.7": 0.0,
    "recall/rcnn_0.7": 0.7089467723669309,
    "Car_aos/easy_R40": 96.83056627810178,
    "Car_aos/moderate_R40": 94.58501064856219,
    "Car_aos/hard_R40": 91.67434129564016,
    "Car_3d/easy_R40": 91.24501454238248,
    "Car_3d/moderate_R40": 82.74969973345178,
    "Car_3d/hard_R40": 80.89825981032473,
    "Car_bev/easy_R40": 95.79782859454629,
    "Car_bev/moderate_R40": 89.73023765379224,
    "Car_bev/hard_R40": 86.5850755587351,
    "Car_image/easy_R40": 96.84451791674539,
    "Car_image/moderate_R40": 94.71922535298273,
    "Car_image/hard_R40": 91.83209738159252,
    "Pedestrian_aos/easy_R40": 66.58878204505709,
    "Pedestrian_aos/moderate_R40": 60.22951940212755,
    "Pedestrian_aos/hard_R40": 56.802368471644705,
    "Pedestrian_3d/easy_R40": 61.86682333058771,
    "Pedestrian_3d/moderate_R40": 56.012553333870066,
    "Pedestrian_3d/hard_R40": 51.59811781647775,
    "Pedestrian_bev/easy_R40": 64.26615271035328,
    "Pedestrian_bev/moderate_R40": 58.337173376464044,
    "Pedestrian_bev/hard_R40": 53.93551369769566,
    "Pedestrian_image/easy_R40": 79.69135977906285,
    "Pedestrian_image/moderate_R40": 73.96506143300141,
    "Pedestrian_image/hard_R40": 71.38961514578389,
    "Cyclist_aos/easy_R40": 40.65867770618913,
    "Cyclist_aos/moderate_R40": 68.4461342218677,
    "Cyclist_aos/hard_R40": 73.60492558760699,
    "Cyclist_3d/easy_R40": 39.43910256410257,
    "Cyclist_3d/moderate_R40": 57.86991279208825,
    "Cyclist_3d/hard_R40": 62.78088215610747,
    "Cyclist_bev/easy_R40": 39.66231884057972,
    "Cyclist_bev/moderate_R40": 60.33946461852696,
    "Cyclist_bev/hard_R40": 65.27244051500918,
    "Cyclist_image/easy_R40": 40.69164078674949,
    "Cyclist_image/moderate_R40": 68.51103396891875,
    "Cyclist_image/hard_R40": 73.67562336312335
  },
  "cfg_file": "/opt/OpenPCDet/tools/cfgs/kitti_models/pointpillar.yaml",
  "ckpt": "/opt/OpenPCDet/tools/ckpt/pointpillar_7728.pth",
  "eval_result_dir": "/__modal/volumes/vo-IonADsHkUVjfGkodF5a2qa/modal_v3_a10/M1_FP32/kitti_eval_run"
}