{
  "metrics": {
    "recall/roi_0.3": 0.0,
    "recall/rcnn_0.3": 0.9421907275648382,
    "recall/roi_0.5": 0.0,
    "recall/rcnn_0.5": 0.8972343355519853,
    "recall/roi_0.7": 0.0,
    "recall/rcnn_0.7": 0.6875143447326142,
    "Car_aos/easy_R40": 97.64204882216403,
    "Car_aos/moderate_R40": 94.88523480774408,
    "Car_aos/hard_R40": 93.76203467958607,
    "Car_3d/easy_R40": 91.77026798040305,
    "Car_3d/moderate_R40": 84.83606306718895,
    "Car_3d/hard_R40": 81.46721741586458,
    "Car_bev/easy_R40": 95.13290654330685,
    "Car_bev/moderate_R40": 91.52515533831776,
    "Car_bev/hard_R40": 88.79085798118196,
    "Car_image/easy_R40": 97.66323376511025,
    "Car_image/moderate_R40": 95.03648344791745,
    "Car_image/hard_R40": 94.00878102311559,
    "Pedestrian_aos/easy_R40": 51.91803516237845,
    "Pedestrian_aos/moderate_R40": 47.602830236431956,
    "Pedestrian_aos/hard_R40": 44.977577137176645,
    "Pedestrian_3d/easy_R40": 60.359312842382906,
    "Pedestrian_3d/moderate_R40": 54.52605978244558,
    "Pedestrian_3d/hard_R40": 50.85290569157264,
    "Pedestrian_bev/easy_R40": 64.86081911016092,
    "Pedestrian_bev/moderate_R40": 59.14613636430992,
    "Pedestrian_bev/hard_R40": 55.63156474105416,
    "Pedestrian_image/easy_R40": 69.6611971015591,
    "Pedestrian_image/moderate_R40": 64.18920788542685,
    "Pedestrian_image/hard_R40": 61.11608546666339,
    "Cyclist_aos/easy_R40": 92.03922653042883,
    "Cyclist_aos/moderate_R40": 81.54529712757387,
    "Cyclist_aos/hard_R40": 78.14008991398333,
    "Cyclist_3d/easy_R40": 86.30231314225924,
    "Cyclist_3d/moderate_R40": 72.75692097621277,
    "Cyclist_3d/hard_R40": 69.02385337483355,
    "Cyclist_bev/easy_R40": 88.53249314338044,
    "Cyclist_bev/moderate_R40": 75.29253294158258,
    "Cyclist_bev/hard_R40": 71.62250805191961,
    "Cyclist_image/easy_R40": 92.35517237596709,
    "Cyclist_image/moderate_R40": 82.4157043040833,
    "Cyclist_image/hard_R40": 79.03578793409802
  },
  "cfg_file": "/opt/OpenPCDet/tools/cfgs/kitti_models/pointpillar.yaml",
  "ckpt": "/opt/OpenPCDet/tools/ckpt/pointpillar_7728.pth",
  "eval_result_dir": "/__modal/volumes/vo-IonADsHkUVjfGkodF5a2qa/modal_v3_h100/M4_FP32/kitti_eval_run"
}