{
  "metrics": {
    "recall/roi_0.3": 0.0,
    "recall/rcnn_0.3": 0.9421333486343815,
    "recall/roi_0.5": 0.0,
    "recall/rcnn_0.5": 0.8971769566215285,
    "recall/roi_0.7": 0.0,
    "recall/rcnn_0.7": 0.6877438604544411,
    "Car_aos/easy_R40": 97.64312016436057,
    "Car_aos/moderate_R40": 94.90452327263871,
    "Car_aos/hard_R40": 93.7674772796479,
    "Car_3d/easy_R40": 91.74801804226767,
    "Car_3d/moderate_R40": 84.81189987334734,
    "Car_3d/hard_R40": 81.45601833145598,
    "Car_bev/easy_R40": 95.13370408716008,
    "Car_bev/moderate_R40": 91.50708499650939,
    "Car_bev/hard_R40": 88.7769323635321,
    "Car_image/easy_R40": 97.66432254884003,
    "Car_image/moderate_R40": 95.05339541907031,
    "Car_image/hard_R40": 94.01160504204047,
    "Pedestrian_aos/easy_R40": 51.94366429790579,
    "Pedestrian_aos/moderate_R40": 47.6097185920144,
    "Pedestrian_aos/hard_R40": 44.955458027663134,
    "Pedestrian_3d/easy_R40": 60.31289804982774,
    "Pedestrian_3d/moderate_R40": 54.46518740714279,
    "Pedestrian_3d/hard_R40": 50.83200383882037,
    "Pedestrian_bev/easy_R40": 64.83863085636298,
    "Pedestrian_bev/moderate_R40": 59.1328955954328,
    "Pedestrian_bev/hard_R40": 55.6363537877563,
    "Pedestrian_image/easy_R40": 69.61694885658567,
    "Pedestrian_image/moderate_R40": 64.17132047232947,
    "Pedestrian_image/hard_R40": 61.08929787549579,
    "Cyclist_aos/easy_R40": 92.03267383121887,
    "Cyclist_aos/moderate_R40": 81.48493181324508,
    "Cyclist_aos/hard_R40": 78.09794083459629,
    "Cyclist_3d/easy_R40": 86.3068063802907,
    "Cyclist_3d/moderate_R40": 72.75849695749585,
    "Cyclist_3d/hard_R40": 68.99522678563896,
    "Cyclist_bev/easy_R40": 88.54443386587005,
    "Cyclist_bev/moderate_R40": 75.28102334973724,
    "Cyclist_bev/hard_R40": 71.60576505916417,
    "Cyclist_image/easy_R40": 92.34839425367166,
    "Cyclist_image/moderate_R40": 82.40742227385142,
    "Cyclist_image/hard_R40": 79.04239869353145
  },
  "cfg_file": "/opt/OpenPCDet/tools/cfgs/kitti_models/pointpillar.yaml",
  "ckpt": "/opt/OpenPCDet/tools/ckpt/pointpillar_7728.pth",
  "eval_result_dir": "/__modal/volumes/vo-IonADsHkUVjfGkodF5a2qa/modal_v3_h100/M4_AMP/kitti_eval_run"
}