{
  "metrics": {
    "recall/roi_0.3": 0.0,
    "recall/rcnn_0.3": 0.9303097345132744,
    "recall/roi_0.5": 0.0,
    "recall/rcnn_0.5": 0.8761061946902655,
    "recall/roi_0.7": 0.0,
    "recall/rcnn_0.7": 0.620575221238938,
    "Car_aos/easy_R40": 95.13541441505927,
    "Car_aos/moderate_R40": 91.691391667644,
    "Car_aos/hard_R40": 89.90597883499136,
    "Car_3d/easy_R40": 84.69638732757552,
    "Car_3d/moderate_R40": 76.64259194894629,
    "Car_3d/hard_R40": 74.92058059869814,
    "Car_bev/easy_R40": 90.03399602677403,
    "Car_bev/moderate_R40": 85.67024381073323,
    "Car_bev/hard_R40": 84.44924414513467,
    "Car_image/easy_R40": 95.14686023487727,
    "Car_image/moderate_R40": 91.87355819963884,
    "Car_image/hard_R40": 90.14640627557469,
    "Pedestrian_aos/easy_R40": 54.320510442311786,
    "Pedestrian_aos/moderate_R40": 43.12756457229895,
    "Pedestrian_aos/hard_R40": 39.09668507538696,
    "Pedestrian_3d/easy_R40": 69.426847050975,
    "Pedestrian_3d/moderate_R40": 57.49760708235689,
    "Pedestrian_3d/hard_R40": 50.58518890105492,
    "Pedestrian_bev/easy_R40": 70.71671974035011,
    "Pedestrian_bev/moderate_R40": 59.980199814640876,
    "Pedestrian_bev/hard_R40": 52.3086615540066,
    "Pedestrian_image/easy_R40": 69.71745723710524,
    "Pedestrian_image/moderate_R40": 64.20606405715972,
    "Pedestrian_image/hard_R40": 59.47655473492328,
    "Cyclist_aos/easy_R40": 28.5141995234729,
    "Cyclist_aos/moderate_R40": 43.36349692486632,
    "Cyclist_aos/hard_R40": 49.02701503676789,
    "Cyclist_3d/easy_R40": 27.789440690212075,
    "Cyclist_3d/moderate_R40": 40.18613656305896,
    "Cyclist_3d/hard_R40": 42.66158602630868,
    "Cyclist_bev/easy_R40": 27.789440690212075,
    "Cyclist_bev/moderate_R40": 40.18613656305896,
    "Cyclist_bev/hard_R40": 42.66158602630868,
    "Cyclist_image/easy_R40": 28.605019262346847,
    "Cyclist_image/moderate_R40": 44.00369569799539,
    "Cyclist_image/hard_R40": 49.70079379231457
  },
  "cfg_file": "/home/nas/polin/cmu-berlin/MLS/OpenPCDet/tools/cfgs/kitti_models/pointpillar.yaml",
  "ckpt": "/home/nas/polin/cmu-berlin/MLS/OpenPCDet/tools/ckpt/pointpillar_7728.pth",
  "eval_result_dir": "/home/nas/polin/cmu-berlin/MLS/profile_outputs/research_matrix/M4_FP32/kitti_eval_run"
}