{
  "PillarVFE": 2.814677501948217,
  "PointPillarScatter": 2.1633670250972608,
  "BaseBEVBackbone": 14.360904138586548,
  "AnchorHeadSingle": 4.966617671957004,
  "post_processing": 85.42537942368337
}