{
  "metrics": {
    "recall/roi_0.3": 0.0,
    "recall/rcnn_0.3": 0.9421046591691531,
    "recall/roi_0.5": 0.0,
    "recall/rcnn_0.5": 0.8972630250172137,
    "recall/roi_0.7": 0.0,
    "recall/rcnn_0.7": 0.6876291025935276,
    "Car_aos/easy_R40": 97.66387407963299,
    "Car_aos/moderate_R40": 94.90808375116086,
    "Car_aos/hard_R40": 93.76960810165296,
    "Car_3d/easy_R40": 91.7660248410721,
    "Car_3d/moderate_R40": 84.80348082165004,
    "Car_3d/hard_R40": 81.4564283741352,
    "Car_bev/easy_R40": 95.15093632951748,
    "Car_bev/moderate_R40": 91.50581595016185,
    "Car_bev/hard_R40": 88.77291749456585,
    "Car_image/easy_R40": 97.68511072961704,
    "Car_image/moderate_R40": 95.05270052327388,
    "Car_image/hard_R40": 94.00882618213583,
    "Pedestrian_aos/easy_R40": 51.97199359575202,
    "Pedestrian_aos/moderate_R40": 47.62408516553494,
    "Pedestrian_aos/hard_R40": 44.949608383388764,
    "Pedestrian_3d/easy_R40": 60.342101979764585,
    "Pedestrian_3d/moderate_R40": 54.51707577385591,
    "Pedestrian_3d/hard_R40": 50.89172012890091,
    "Pedestrian_bev/easy_R40": 65.06645490972463,
    "Pedestrian_bev/moderate_R40": 59.24104630722652,
    "Pedestrian_bev/hard_R40": 55.78738233832065,
    "Pedestrian_image/easy_R40": 69.44967607941027,
    "Pedestrian_image/moderate_R40": 64.0111367530944,
    "Pedestrian_image/hard_R40": 60.920970855935565,
    "Cyclist_aos/easy_R40": 92.04788338790243,
    "Cyclist_aos/moderate_R40": 81.49047830528305,
    "Cyclist_aos/hard_R40": 78.08622589334894,
    "Cyclist_3d/easy_R40": 86.34676886655699,
    "Cyclist_3d/moderate_R40": 72.79093569575912,
    "Cyclist_3d/hard_R40": 69.01060215353681,
    "Cyclist_bev/easy_R40": 88.57706407628925,
    "Cyclist_bev/moderate_R40": 75.26011462282,
    "Cyclist_bev/hard_R40": 71.60077423332363,
    "Cyclist_image/easy_R40": 92.36358481378065,
    "Cyclist_image/moderate_R40": 82.41228377889318,
    "Cyclist_image/hard_R40": 79.03479179038307
  },
  "cfg_file": "/opt/OpenPCDet/tools/cfgs/kitti_models/pointpillar.yaml",
  "ckpt": "/opt/OpenPCDet/tools/ckpt/pointpillar_7728.pth",
  "eval_result_dir": "/__modal/volumes/vo-IonADsHkUVjfGkodF5a2qa/modal_v3_h100/M3_AMP/kitti_eval_run"
}