{
  "PillarVFE": 2.6983457505329977,
  "PointPillarScatter": 2.171518716257117,
  "BaseBEVBackbone": 14.356021399492018,
  "AnchorHeadSingle": 4.62130581153946,
  "post_processing": 61.88408406505895
}