{
  "PillarVFE": 3.146865537378457,
  "PointPillarScatter": 6.2264509785906395,
  "BaseBEVBackbone": 16.249775387617166,
  "AnchorHeadSingle": 4.876523369394047,
  "post_processing": 5.637231971205996
}