{
  "metrics": {
    "recall/roi_0.3": 0.0,
    "recall/rcnn_0.3": 0.9421907275648382,
    "recall/roi_0.5": 0.0,
    "recall/rcnn_0.5": 0.8972630250172137,
    "recall/roi_0.7": 0.0,
    "recall/rcnn_0.7": 0.6873708974064724,
    "Car_aos/easy_R40": 97.65398668020599,
    "Car_aos/moderate_R40": 94.89362857091639,
    "Car_aos/hard_R40": 93.76626692074117,
    "Car_3d/easy_R40": 91.78640099868,
    "Car_3d/moderate_R40": 84.8166973253716,
    "Car_3d/hard_R40": 81.46800452132922,
    "Car_bev/easy_R40": 95.14790766120532,
    "Car_bev/moderate_R40": 91.52965474347239,
    "Car_bev/hard_R40": 88.79195526040408,
    "Car_image/easy_R40": 97.67522647625017,
    "Car_image/moderate_R40": 95.03771636820069,
    "Car_image/hard_R40": 94.00493145232201,
    "Pedestrian_aos/easy_R40": 51.89805411749234,
    "Pedestrian_aos/moderate_R40": 47.57055504977135,
    "Pedestrian_aos/hard_R40": 44.92094530411236,
    "Pedestrian_3d/easy_R40": 60.360585833112644,
    "Pedestrian_3d/moderate_R40": 54.52731615490598,
    "Pedestrian_3d/hard_R40": 50.895002607213016,
    "Pedestrian_bev/easy_R40": 65.07068092543065,
    "Pedestrian_bev/moderate_R40": 59.26753096822163,
    "Pedestrian_bev/hard_R40": 55.79200186797726,
    "Pedestrian_image/easy_R40": 69.43849926579236,
    "Pedestrian_image/moderate_R40": 64.01488610419854,
    "Pedestrian_image/hard_R40": 60.93107900576816,
    "Cyclist_aos/easy_R40": 92.08516655798186,
    "Cyclist_aos/moderate_R40": 81.5559235423159,
    "Cyclist_aos/hard_R40": 78.16637680775231,
    "Cyclist_3d/easy_R40": 86.35862247106154,
    "Cyclist_3d/moderate_R40": 72.72551358747205,
    "Cyclist_3d/hard_R40": 69.01991416957719,
    "Cyclist_bev/easy_R40": 88.57606876891285,
    "Cyclist_bev/moderate_R40": 75.25141825136406,
    "Cyclist_bev/hard_R40": 71.59070635359217,
    "Cyclist_image/easy_R40": 92.40100572942588,
    "Cyclist_image/moderate_R40": 82.42592380542897,
    "Cyclist_image/hard_R40": 79.05843207568195
  },
  "cfg_file": "/opt/OpenPCDet/tools/cfgs/kitti_models/pointpillar.yaml",
  "ckpt": "/opt/OpenPCDet/tools/ckpt/pointpillar_7728.pth",
  "eval_result_dir": "/__modal/volumes/vo-IonADsHkUVjfGkodF5a2qa/modal_v2_t4/M0_FP32/eval/kitti_eval_run"
}