{
  "PillarVFE": 1.4395511978409616,
  "PointPillarScatter": 0.8742205753493518,
  "BaseBEVBackbone": 4.659235483415435,
  "AnchorHeadSingle": 1.4802928869058851,
  "post_processing": 2.6853807682686663
}