{
  "PillarVFE": 3.2158892265100203,
  "PointPillarScatter": 5.9476026277219844,
  "BaseBEVBackbone": 19.06915611677683,
  "AnchorHeadSingle": 5.03431345494429,
  "post_processing": 3.9403698238473064
}