{
  "metrics": {
    "recall/roi_0.3": 0.0,
    "recall/rcnn_0.3": 0.9421046591691531,
    "recall/roi_0.5": 0.0,
    "recall/rcnn_0.5": 0.8972056460867569,
    "recall/roi_0.7": 0.0,
    "recall/rcnn_0.7": 0.6876291025935276,
    "Car_aos/easy_R40": 97.66240921623364,
    "Car_aos/moderate_R40": 94.910725209069,
    "Car_aos/hard_R40": 93.77262360791659,
    "Car_3d/easy_R40": 91.75995767428118,
    "Car_3d/moderate_R40": 84.78842018997923,
    "Car_3d/hard_R40": 81.44171725203778,
    "Car_bev/easy_R40": 95.15100585525565,
    "Car_bev/moderate_R40": 91.50915466288406,
    "Car_bev/hard_R40": 88.77592682378639,
    "Car_image/easy_R40": 97.68364965505599,
    "Car_image/moderate_R40": 95.05530563541507,
    "Car_image/hard_R40": 94.01190737499292,
    "Pedestrian_aos/easy_R40": 51.97011000421094,
    "Pedestrian_aos/moderate_R40": 47.628199288313176,
    "Pedestrian_aos/hard_R40": 44.957708769289304,
    "Pedestrian_3d/easy_R40": 60.33681536512787,
    "Pedestrian_3d/moderate_R40": 54.56001544843355,
    "Pedestrian_3d/hard_R40": 50.92109440612689,
    "Pedestrian_bev/easy_R40": 65.0677661436194,
    "Pedestrian_bev/moderate_R40": 59.23791464028042,
    "Pedestrian_bev/hard_R40": 55.79005227769701,
    "Pedestrian_image/easy_R40": 69.44605873527922,
    "Pedestrian_image/moderate_R40": 64.01753618980163,
    "Pedestrian_image/hard_R40": 60.93176365317537,
    "Cyclist_aos/easy_R40": 92.06604294069163,
    "Cyclist_aos/moderate_R40": 81.48970045995682,
    "Cyclist_aos/hard_R40": 78.08761284831046,
    "Cyclist_3d/easy_R40": 86.35973803535497,
    "Cyclist_3d/moderate_R40": 72.78475923030393,
    "Cyclist_3d/hard_R40": 69.00627681728957,
    "Cyclist_bev/easy_R40": 88.59382316700861,
    "Cyclist_bev/moderate_R40": 75.30724506449727,
    "Cyclist_bev/hard_R40": 71.61828898635397,
    "Cyclist_image/easy_R40": 92.38174630262357,
    "Cyclist_image/moderate_R40": 82.41234190994207,
    "Cyclist_image/hard_R40": 79.03641101385446
  },
  "cfg_file": "/opt/OpenPCDet/tools/cfgs/kitti_models/pointpillar.yaml",
  "ckpt": "/opt/OpenPCDet/tools/ckpt/pointpillar_7728.pth",
  "eval_result_dir": "/__modal/volumes/vo-IonADsHkUVjfGkodF5a2qa/modal_v4_a10/M2_AMP_mem_conv2d/kitti_eval_run"
}