{
  "metrics": {
    "recall/roi_0.3": 0.0,
    "recall/rcnn_0.3": 0.9365798414496036,
    "recall/roi_0.5": 0.0,
    "recall/rcnn_0.5": 0.8935447338618346,
    "recall/roi_0.7": 0.0,
    "recall/rcnn_0.7": 0.7066817667044167,
    "Car_aos/easy_R40": 96.83053427430252,
    "Car_aos/moderate_R40": 94.5858524784349,
    "Car_aos/hard_R40": 91.67732785508768,
    "Car_3d/easy_R40": 91.24501454238248,
    "Car_3d/moderate_R40": 82.75405236519931,
    "Car_3d/hard_R40": 80.90476388820164,
    "Car_bev/easy_R40": 95.79782859454629,
    "Car_bev/moderate_R40": 89.76396770141963,
    "Car_bev/hard_R40": 86.62225923740607,
    "Car_image/easy_R40": 96.84451791674539,
    "Car_image/moderate_R40": 94.72003047534105,
    "Car_image/hard_R40": 91.83510114985151,
    "Pedestrian_aos/easy_R40": 66.572453871191,
    "Pedestrian_aos/moderate_R40": 60.22780233724719,
    "Pedestrian_aos/hard_R40": 56.798549115760046,
    "Pedestrian_3d/easy_R40": 61.870781295219835,
    "Pedestrian_3d/moderate_R40": 56.0184687367932,
    "Pedestrian_3d/hard_R40": 51.59391434858011,
    "Pedestrian_bev/easy_R40": 64.2853002295008,
    "Pedestrian_bev/moderate_R40": 58.343247603709344,
    "Pedestrian_bev/hard_R40": 53.91964131216687,
    "Pedestrian_image/easy_R40": 79.66971475741784,
    "Pedestrian_image/moderate_R40": 73.96319440675933,
    "Pedestrian_image/hard_R40": 71.3845089766281,
    "Cyclist_aos/easy_R40": 40.65870667967328,
    "Cyclist_aos/moderate_R40": 68.45618611819543,
    "Cyclist_aos/hard_R40": 73.6149248084238,
    "Cyclist_3d/easy_R40": 39.43910256410257,
    "Cyclist_3d/moderate_R40": 57.86991279208825,
    "Cyclist_3d/hard_R40": 62.78088215610747,
    "Cyclist_bev/easy_R40": 39.66231884057972,
    "Cyclist_bev/moderate_R40": 60.33946461852696,
    "Cyclist_bev/hard_R40": 65.27244051500918,
    "Cyclist_image/easy_R40": 40.69164078674949,
    "Cyclist_image/moderate_R40": 68.52103205775632,
    "Cyclist_image/hard_R40": 73.68555040973517
  },
  "cfg_file": "/opt/OpenPCDet/tools/cfgs/kitti_models/pointpillar.yaml",
  "ckpt": "/opt/OpenPCDet/tools/ckpt/pointpillar_7728.pth",
  "eval_result_dir": "/__modal/volumes/vo-IonADsHkUVjfGkodF5a2qa/modal_v3_a10/M3_FP32/kitti_eval_run"
}