{
  "metrics": {
    "recall/roi_0.3": 0.0,
    "recall/rcnn_0.3": 0.9420759697039247,
    "recall/roi_0.5": 0.0,
    "recall/rcnn_0.5": 0.8972343355519853,
    "recall/roi_0.7": 0.0,
    "recall/rcnn_0.7": 0.6876004131282993,
    "Car_aos/easy_R40": 97.66212707639698,
    "Car_aos/moderate_R40": 94.9107950739738,
    "Car_aos/hard_R40": 93.7732984934153,
    "Car_3d/easy_R40": 91.7599794930356,
    "Car_3d/moderate_R40": 84.78836279474265,
    "Car_3d/hard_R40": 81.4399880762899,
    "Car_bev/easy_R40": 95.15090432846178,
    "Car_bev/moderate_R40": 91.5103324797842,
    "Car_bev/hard_R40": 88.77509981947628,
    "Car_image/easy_R40": 97.68337001697574,
    "Car_image/moderate_R40": 95.0554443426465,
    "Car_image/hard_R40": 94.01283169212651,
    "Pedestrian_aos/easy_R40": 51.969838015914625,
    "Pedestrian_aos/moderate_R40": 47.61931979355782,
    "Pedestrian_aos/hard_R40": 44.957047155722634,
    "Pedestrian_3d/easy_R40": 60.33858042587883,
    "Pedestrian_3d/moderate_R40": 54.570882774789176,
    "Pedestrian_3d/hard_R40": 50.91907856258911,
    "Pedestrian_bev/easy_R40": 65.06637869355261,
    "Pedestrian_bev/moderate_R40": 59.24186941501153,
    "Pedestrian_bev/hard_R40": 55.79041730600653,
    "Pedestrian_image/easy_R40": 69.44541697439148,
    "Pedestrian_image/moderate_R40": 64.01581192432866,
    "Pedestrian_image/hard_R40": 60.92738457176136,
    "Cyclist_aos/easy_R40": 92.06127978439112,
    "Cyclist_aos/moderate_R40": 81.48820910495489,
    "Cyclist_aos/hard_R40": 78.08703059090307,
    "Cyclist_3d/easy_R40": 86.3564305900017,
    "Cyclist_3d/moderate_R40": 72.78292334340665,
    "Cyclist_3d/hard_R40": 69.015547265719,
    "Cyclist_bev/easy_R40": 88.59333730637638,
    "Cyclist_bev/moderate_R40": 75.30636563959166,
    "Cyclist_bev/hard_R40": 71.62012299978522,
    "Cyclist_image/easy_R40": 92.3769499370654,
    "Cyclist_image/moderate_R40": 82.41020627199781,
    "Cyclist_image/hard_R40": 79.03571822096563
  },
  "cfg_file": "/opt/OpenPCDet/tools/cfgs/kitti_models/pointpillar.yaml",
  "ckpt": "/opt/OpenPCDet/tools/ckpt/pointpillar_7728.pth",
  "eval_result_dir": "/__modal/volumes/vo-IonADsHkUVjfGkodF5a2qa/modal_v2_t4/M2_AMP_mem_conv2d/eval/kitti_eval_run"
}