{
  "metrics": {
    "recall/roi_0.3": 0.0,
    "recall/rcnn_0.3": 0.9365798414496036,
    "recall/roi_0.5": 0.0,
    "recall/rcnn_0.5": 0.8935447338618346,
    "recall/roi_0.7": 0.0,
    "recall/rcnn_0.7": 0.7066817667044167,
    "Car_aos/easy_R40": 96.83050871589737,
    "Car_aos/moderate_R40": 94.58958343661888,
    "Car_aos/hard_R40": 91.66806803848647,
    "Car_3d/easy_R40": 91.24501454238248,
    "Car_3d/moderate_R40": 82.77214104923601,
    "Car_3d/hard_R40": 80.940904520631,
    "Car_bev/easy_R40": 95.7993908992582,
    "Car_bev/moderate_R40": 89.76296411162022,
    "Car_bev/hard_R40": 86.62701949385563,
    "Car_image/easy_R40": 96.84451791674539,
    "Car_image/moderate_R40": 94.72086314036704,
    "Car_image/hard_R40": 91.82839288456267,
    "Pedestrian_aos/easy_R40": 66.54590102073573,
    "Pedestrian_aos/moderate_R40": 60.22724453671526,
    "Pedestrian_aos/hard_R40": 56.78575015141829,
    "Pedestrian_3d/easy_R40": 61.86002122195975,
    "Pedestrian_3d/moderate_R40": 55.98776462311368,
    "Pedestrian_3d/hard_R40": 51.595297080142,
    "Pedestrian_bev/easy_R40": 64.27408228078285,
    "Pedestrian_bev/moderate_R40": 58.34059452082705,
    "Pedestrian_bev/hard_R40": 53.903899728857375,
    "Pedestrian_image/easy_R40": 79.65388819267822,
    "Pedestrian_image/moderate_R40": 73.97378363459147,
    "Pedestrian_image/hard_R40": 71.37347508007618,
    "Cyclist_aos/easy_R40": 40.65866712983747,
    "Cyclist_aos/moderate_R40": 68.43340090556369,
    "Cyclist_aos/hard_R40": 73.59183643452342,
    "Cyclist_3d/easy_R40": 39.43910256410257,
    "Cyclist_3d/moderate_R40": 57.85923241234141,
    "Cyclist_3d/hard_R40": 62.769966769175824,
    "Cyclist_bev/easy_R40": 39.66231884057972,
    "Cyclist_bev/moderate_R40": 60.32780960687194,
    "Cyclist_bev/hard_R40": 65.26057342640159,
    "Cyclist_image/easy_R40": 40.69164078674949,
    "Cyclist_image/moderate_R40": 68.49822299280503,
    "Cyclist_image/hard_R40": 73.66246861545531
  },
  "cfg_file": "/opt/OpenPCDet/tools/cfgs/kitti_models/pointpillar.yaml",
  "ckpt": "/opt/OpenPCDet/tools/ckpt/pointpillar_7728.pth",
  "eval_result_dir": "/__modal/volumes/vo-IonADsHkUVjfGkodF5a2qa/modal_v4_t4/M3_AMP/kitti_eval_run"
}