{
  "metrics": {
    "recall/roi_0.3": 0.0,
    "recall/rcnn_0.3": 0.9303097345132744,
    "recall/roi_0.5": 0.0,
    "recall/rcnn_0.5": 0.875,
    "recall/roi_0.7": 0.0,
    "recall/rcnn_0.7": 0.6227876106194691,
    "Car_aos/easy_R40": 95.14134017171388,
    "Car_aos/moderate_R40": 91.6825129862181,
    "Car_aos/hard_R40": 89.88719926003614,
    "Car_3d/easy_R40": 84.7139493498301,
    "Car_3d/moderate_R40": 76.65664278347407,
    "Car_3d/hard_R40": 74.97446915881183,
    "Car_bev/easy_R40": 90.0465713035439,
    "Car_bev/moderate_R40": 85.65925849012721,
    "Car_bev/hard_R40": 84.43770651268508,
    "Car_image/easy_R40": 95.15272714857188,
    "Car_image/moderate_R40": 91.86471103846418,
    "Car_image/hard_R40": 90.12754342666582,
    "Pedestrian_aos/easy_R40": 53.9530031374737,
    "Pedestrian_aos/moderate_R40": 42.83962086180648,
    "Pedestrian_aos/hard_R40": 38.83162986411652,
    "Pedestrian_3d/easy_R40": 69.39793645731353,
    "Pedestrian_3d/moderate_R40": 57.492137557303145,
    "Pedestrian_3d/hard_R40": 50.598615250463666,
    "Pedestrian_bev/easy_R40": 70.70003998674895,
    "Pedestrian_bev/moderate_R40": 59.91235490878963,
    "Pedestrian_bev/hard_R40": 52.26677992139853,
    "Pedestrian_image/easy_R40": 69.4899628402167,
    "Pedestrian_image/moderate_R40": 64.0242326120799,
    "Pedestrian_image/hard_R40": 59.394442752931035,
    "Cyclist_aos/easy_R40": 28.46295210516882,
    "Cyclist_aos/moderate_R40": 43.33630903183501,
    "Cyclist_aos/hard_R40": 49.0040466442992,
    "Cyclist_3d/easy_R40": 27.743144393915774,
    "Cyclist_3d/moderate_R40": 40.158136059301775,
    "Cyclist_3d/hard_R40": 42.63381406329576,
    "Cyclist_bev/easy_R40": 27.743144393915774,
    "Cyclist_bev/moderate_R40": 40.158136059301775,
    "Cyclist_bev/hard_R40": 42.63381406329576,
    "Cyclist_image/easy_R40": 28.550852595680183,
    "Cyclist_image/moderate_R40": 43.9718410600668,
    "Cyclist_image/hard_R40": 49.67308500732804
  },
  "cfg_file": "/home/nas/polin/cmu-berlin/MLS/OpenPCDet/tools/cfgs/kitti_models/pointpillar.yaml",
  "ckpt": "/home/nas/polin/cmu-berlin/MLS/OpenPCDet/tools/ckpt/pointpillar_7728.pth",
  "eval_result_dir": "/home/nas/polin/cmu-berlin/MLS/profile_outputs/research_matrix/M3_AMP/kitti_eval_run"
}