{
  "metrics": {
    "recall/roi_0.3": 0.0,
    "recall/rcnn_0.3": 0.9303097345132744,
    "recall/roi_0.5": 0.0,
    "recall/rcnn_0.5": 0.875,
    "recall/roi_0.7": 0.0,
    "recall/rcnn_0.7": 0.6227876106194691,
    "Car_aos/easy_R40": 95.15231112516783,
    "Car_aos/moderate_R40": 91.69512594514805,
    "Car_aos/hard_R40": 89.89511928722477,
    "Car_3d/easy_R40": 84.71095201141259,
    "Car_3d/moderate_R40": 76.64208468258109,
    "Car_3d/hard_R40": 74.97095430238336,
    "Car_bev/easy_R40": 90.02039036587803,
    "Car_bev/moderate_R40": 85.6653280494892,
    "Car_bev/hard_R40": 84.42858113729301,
    "Car_image/easy_R40": 95.16379153993198,
    "Car_image/moderate_R40": 91.87737230218274,
    "Car_image/hard_R40": 90.13544587124696,
    "Pedestrian_aos/easy_R40": 54.27663198936897,
    "Pedestrian_aos/moderate_R40": 43.09949698827762,
    "Pedestrian_aos/hard_R40": 39.07618354405137,
    "Pedestrian_3d/easy_R40": 69.3823285054193,
    "Pedestrian_3d/moderate_R40": 57.48951394640244,
    "Pedestrian_3d/hard_R40": 50.58319700894559,
    "Pedestrian_bev/easy_R40": 70.670743743547,
    "Pedestrian_bev/moderate_R40": 59.94132533676447,
    "Pedestrian_bev/hard_R40": 52.27286039175216,
    "Pedestrian_image/easy_R40": 69.65996159405915,
    "Pedestrian_image/moderate_R40": 64.16804638291677,
    "Pedestrian_image/hard_R40": 59.46927136468807,
    "Cyclist_aos/easy_R40": 28.46023165967529,
    "Cyclist_aos/moderate_R40": 43.32858777288243,
    "Cyclist_aos/hard_R40": 48.99270543732156,
    "Cyclist_3d/easy_R40": 27.743144393915774,
    "Cyclist_3d/moderate_R40": 40.150422277344674,
    "Cyclist_3d/hard_R40": 42.62592536564803,
    "Cyclist_bev/easy_R40": 27.743144393915774,
    "Cyclist_bev/moderate_R40": 40.150422277344674,
    "Cyclist_bev/hard_R40": 42.62592536564803,
    "Cyclist_image/easy_R40": 28.550852595680183,
    "Cyclist_image/moderate_R40": 43.96655512464337,
    "Cyclist_image/hard_R40": 49.66450042881533
  },
  "cfg_file": "/home/nas/polin/cmu-berlin/MLS/OpenPCDet/tools/cfgs/kitti_models/pointpillar.yaml",
  "ckpt": "/home/nas/polin/cmu-berlin/MLS/OpenPCDet/tools/ckpt/pointpillar_7728.pth",
  "eval_result_dir": "/home/nas/polin/cmu-berlin/MLS/profile_outputs/research_matrix/M4_AMP/kitti_eval_run"
}