{
  "metrics": {
    "recall/roi_0.3": 0.0,
    "recall/rcnn_0.3": 0.908256880733945,
    "recall/roi_0.5": 0.0,
    "recall/rcnn_0.5": 0.8532110091743119,
    "recall/roi_0.7": 0.0,
    "recall/rcnn_0.7": 0.5963302752293578,
    "Car_aos/easy_R40": 54.12970589659073,
    "Car_aos/moderate_R40": 87.67267890575474,
    "Car_aos/hard_R40": 82.9965810294562,
    "Car_3d/easy_R40": 45.74742224475998,
    "Car_3d/moderate_R40": 75.61852792915352,
    "Car_3d/hard_R40": 72.68467458753835,
    "Car_bev/easy_R40": 53.85658696142567,
    "Car_bev/moderate_R40": 83.10096932665745,
    "Car_bev/hard_R40": 80.1627593452048,
    "Car_image/easy_R40": 54.13993506493506,
    "Car_image/moderate_R40": 87.69258910885597,
    "Car_image/hard_R40": 83.01619397759104,
    "Pedestrian_aos/easy_R40": 14.16434828290772,
    "Pedestrian_aos/moderate_R40": 17.45627380277444,
    "Pedestrian_aos/hard_R40": 20.079167155229687,
    "Pedestrian_3d/easy_R40": 10.478021978021978,
    "Pedestrian_3d/moderate_R40": 13.065476190476192,
    "Pedestrian_3d/hard_R40": 16.274122807017545,
    "Pedestrian_bev/easy_R40": 10.478021978021978,
    "Pedestrian_bev/moderate_R40": 13.065476190476192,
    "Pedestrian_bev/hard_R40": 16.274122807017545,
    "Pedestrian_image/easy_R40": 16.499999999999996,
    "Pedestrian_image/moderate_R40": 22.976190476190474,
    "Pedestrian_image/hard_R40": 27.393812709030108,
    "Cyclist_aos/easy_R40": 3.163965645531376,
    "Cyclist_aos/moderate_R40": 2.914287452501472,
    "Cyclist_aos/hard_R40": 2.914287452501472,
    "Cyclist_3d/easy_R40": 3.166666666666666,
    "Cyclist_3d/moderate_R40": 2.9166666666666665,
    "Cyclist_3d/hard_R40": 2.9166666666666665,
    "Cyclist_bev/easy_R40": 3.166666666666666,
    "Cyclist_bev/moderate_R40": 2.9166666666666665,
    "Cyclist_bev/hard_R40": 2.9166666666666665,
    "Cyclist_image/easy_R40": 3.166666666666666,
    "Cyclist_image/moderate_R40": 2.9166666666666665,
    "Cyclist_image/hard_R40": 2.9166666666666665
  },
  "cfg_file": "/home/nas/polin/cmu-berlin/MLS/OpenPCDet/tools/cfgs/kitti_models/pointpillar.yaml",
  "ckpt": "/home/nas/polin/cmu-berlin/MLS/OpenPCDet/tools/ckpt/pointpillar_7728.pth",
  "eval_result_dir": "/home/nas/polin/cmu-berlin/MLS/profile_outputs/research_matrix/M4_AMP/kitti_eval_run"
}