{
  "PillarVFE": 1.4542499334552559,
  "PointPillarScatter": 0.7911758500434579,
  "BaseBEVBackbone": 4.573575286602646,
  "AnchorHeadSingle": 1.5687488132483969,
  "post_processing": 2.6977481895752335
}