{
  "PillarVFE": 1.5031290343765622,
  "PointPillarScatter": 0.8134074381206451,
  "BaseBEVBackbone": 4.477835051258455,
  "AnchorHeadSingle": 1.4024920348679468,
  "post_processing": 2.6945892341145883
}