{
  "metrics": {
    "recall/roi_0.3": 0.0,
    "recall/rcnn_0.3": 0.9420759697039247,
    "recall/roi_0.5": 0.0,
    "recall/rcnn_0.5": 0.8972343355519853,
    "recall/roi_0.7": 0.0,
    "recall/rcnn_0.7": 0.687571723663071,
    "Car_aos/easy_R40": 97.65954572609684,
    "Car_aos/moderate_R40": 94.91114628128233,
    "Car_aos/hard_R40": 93.77297369445472,
    "Car_3d/easy_R40": 91.758731383934,
    "Car_3d/moderate_R40": 84.79433057009382,
    "Car_3d/hard_R40": 81.4552660814184,
    "Car_bev/easy_R40": 95.14995849414152,
    "Car_bev/moderate_R40": 91.51047542471179,
    "Car_bev/hard_R40": 88.77465132721699,
    "Car_image/easy_R40": 97.68078568730985,
    "Car_image/moderate_R40": 95.05579517566495,
    "Car_image/hard_R40": 94.01249899933312,
    "Pedestrian_aos/easy_R40": 51.96951604268564,
    "Pedestrian_aos/moderate_R40": 47.615148943744636,
    "Pedestrian_aos/hard_R40": 44.95576775030291,
    "Pedestrian_3d/easy_R40": 60.32063927448231,
    "Pedestrian_3d/moderate_R40": 54.504515179664104,
    "Pedestrian_3d/hard_R40": 50.885855886528994,
    "Pedestrian_bev/easy_R40": 65.06416164808604,
    "Pedestrian_bev/moderate_R40": 59.247458247222106,
    "Pedestrian_bev/hard_R40": 55.788358826266595,
    "Pedestrian_image/easy_R40": 69.44792627879653,
    "Pedestrian_image/moderate_R40": 64.01639765988871,
    "Pedestrian_image/hard_R40": 60.92851240595111,
    "Cyclist_aos/easy_R40": 92.06474584067223,
    "Cyclist_aos/moderate_R40": 81.48974219233338,
    "Cyclist_aos/hard_R40": 78.08875452402482,
    "Cyclist_3d/easy_R40": 86.3604064296917,
    "Cyclist_3d/moderate_R40": 72.78289413381341,
    "Cyclist_3d/hard_R40": 69.0167222159491,
    "Cyclist_bev/easy_R40": 88.5911533278058,
    "Cyclist_bev/moderate_R40": 75.30215466871407,
    "Cyclist_bev/hard_R40": 71.61678703729501,
    "Cyclist_image/easy_R40": 92.3805242264675,
    "Cyclist_image/moderate_R40": 82.41145680126948,
    "Cyclist_image/hard_R40": 79.03434585195473
  },
  "cfg_file": "/opt/OpenPCDet/tools/cfgs/kitti_models/pointpillar.yaml",
  "ckpt": "/opt/OpenPCDet/tools/ckpt/pointpillar_7728.pth",
  "eval_result_dir": "/__modal/volumes/vo-IonADsHkUVjfGkodF5a2qa/modal_v2_t4/M1_AMP/eval/kitti_eval_run"
}