{
  "PillarVFE": 3.1772198841180908,
  "PointPillarScatter": 1.801475804499601,
  "BaseBEVBackbone": 19.48951782780386,
  "AnchorHeadSingle": 5.1639423280842465,
  "post_processing": 4.088002121344078
}