{
  "metrics": {
    "recall/roi_0.3": 0.0,
    "recall/rcnn_0.3": 0.9422194170300665,
    "recall/roi_0.5": 0.0,
    "recall/rcnn_0.5": 0.897291714482442,
    "recall/roi_0.7": 0.0,
    "recall/rcnn_0.7": 0.6875143447326142,
    "Car_aos/easy_R40": 97.65107982235713,
    "Car_aos/moderate_R40": 94.89036791915846,
    "Car_aos/hard_R40": 93.75962386051724,
    "Car_3d/easy_R40": 91.76101597211272,
    "Car_3d/moderate_R40": 84.80197293491504,
    "Car_3d/hard_R40": 81.44715034460064,
    "Car_bev/easy_R40": 95.14372788957097,
    "Car_bev/moderate_R40": 91.52279270366131,
    "Car_bev/hard_R40": 88.78589215068651,
    "Car_image/easy_R40": 97.67230231431965,
    "Car_image/moderate_R40": 95.03733389293505,
    "Car_image/hard_R40": 94.0013449253192,
    "Pedestrian_aos/easy_R40": 51.86911348729086,
    "Pedestrian_aos/moderate_R40": 47.521260584963734,
    "Pedestrian_aos/hard_R40": 44.871625272610515,
    "Pedestrian_3d/easy_R40": 60.36661603617153,
    "Pedestrian_3d/moderate_R40": 54.54060312060797,
    "Pedestrian_3d/hard_R40": 50.87227105694747,
    "Pedestrian_bev/easy_R40": 65.05746779331908,
    "Pedestrian_bev/moderate_R40": 59.2534658822401,
    "Pedestrian_bev/hard_R40": 55.76843362421726,
    "Pedestrian_image/easy_R40": 69.4164467006138,
    "Pedestrian_image/moderate_R40": 63.965632016129035,
    "Pedestrian_image/hard_R40": 60.882697275072154,
    "Cyclist_aos/easy_R40": 92.07517148987166,
    "Cyclist_aos/moderate_R40": 81.54321906851848,
    "Cyclist_aos/hard_R40": 78.16716779000143,
    "Cyclist_3d/easy_R40": 86.3559530318898,
    "Cyclist_3d/moderate_R40": 72.79899608805758,
    "Cyclist_3d/hard_R40": 69.04589156786479,
    "Cyclist_bev/easy_R40": 88.57498389187852,
    "Cyclist_bev/moderate_R40": 75.31253243216014,
    "Cyclist_bev/hard_R40": 71.6381655231568,
    "Cyclist_image/easy_R40": 92.39067745248987,
    "Cyclist_image/moderate_R40": 82.4130721214115,
    "Cyclist_image/hard_R40": 79.05204676977282
  },
  "cfg_file": "/opt/OpenPCDet/tools/cfgs/kitti_models/pointpillar.yaml",
  "ckpt": "/opt/OpenPCDet/tools/ckpt/pointpillar_7728.pth",
  "eval_result_dir": "/__modal/volumes/vo-IonADsHkUVjfGkodF5a2qa/modal_v2_h100/M3_FP32/eval/kitti_eval_run"
}