{
  "metrics": {
    "recall/roi_0.3": 0.0,
    "recall/rcnn_0.3": 0.9365798414496036,
    "recall/roi_0.5": 0.0,
    "recall/rcnn_0.5": 0.8935447338618346,
    "recall/roi_0.7": 0.0,
    "recall/rcnn_0.7": 0.7055492638731596,
    "Car_aos/easy_R40": 96.83056860238037,
    "Car_aos/moderate_R40": 94.5864118652989,
    "Car_aos/hard_R40": 91.67980344301839,
    "Car_3d/easy_R40": 91.25238917365091,
    "Car_3d/moderate_R40": 82.75203841524869,
    "Car_3d/hard_R40": 81.39355084895156,
    "Car_bev/easy_R40": 95.79782859454629,
    "Car_bev/moderate_R40": 89.73152291181611,
    "Car_bev/hard_R40": 86.58088395244856,
    "Car_image/easy_R40": 96.84451791674539,
    "Car_image/moderate_R40": 94.72065477373309,
    "Car_image/hard_R40": 91.8375404145104,
    "Pedestrian_aos/easy_R40": 66.57369422781777,
    "Pedestrian_aos/moderate_R40": 60.229630109530916,
    "Pedestrian_aos/hard_R40": 56.79106278435746,
    "Pedestrian_3d/easy_R40": 61.86682333058771,
    "Pedestrian_3d/moderate_R40": 56.012553333870066,
    "Pedestrian_3d/hard_R40": 51.59811781647775,
    "Pedestrian_bev/easy_R40": 64.26615271035328,
    "Pedestrian_bev/moderate_R40": 58.337173376464044,
    "Pedestrian_bev/hard_R40": 53.93551369769566,
    "Pedestrian_image/easy_R40": 79.69135977906285,
    "Pedestrian_image/moderate_R40": 73.96506143300141,
    "Pedestrian_image/hard_R40": 71.37389187534365,
    "Cyclist_aos/easy_R40": 40.65867777665777,
    "Cyclist_aos/moderate_R40": 68.44613691400015,
    "Cyclist_aos/hard_R40": 73.60492945516984,
    "Cyclist_3d/easy_R40": 39.43910256410257,
    "Cyclist_3d/moderate_R40": 57.86991279208825,
    "Cyclist_3d/hard_R40": 62.78088215610747,
    "Cyclist_bev/easy_R40": 39.66231884057972,
    "Cyclist_bev/moderate_R40": 60.33946461852696,
    "Cyclist_bev/hard_R40": 65.27244051500918,
    "Cyclist_image/easy_R40": 40.69164078674949,
    "Cyclist_image/moderate_R40": 68.51103396891875,
    "Cyclist_image/hard_R40": 73.67562336312335
  },
  "cfg_file": "/opt/OpenPCDet/tools/cfgs/kitti_models/pointpillar.yaml",
  "ckpt": "/opt/OpenPCDet/tools/ckpt/pointpillar_7728.pth",
  "eval_result_dir": "/__modal/volumes/vo-IonADsHkUVjfGkodF5a2qa/modal_v4_2/M2_FP32_mem_conv2d/kitti_eval_run"
}