{
  "metrics": {
    "recall/roi_0.3": 0.0,
    "recall/rcnn_0.3": 0.9421333486343815,
    "recall/roi_0.5": 0.0,
    "recall/rcnn_0.5": 0.8971482671563002,
    "recall/roi_0.7": 0.0,
    "recall/rcnn_0.7": 0.6877151709892128,
    "Car_aos/easy_R40": 97.64425283588935,
    "Car_aos/moderate_R40": 94.9040894824727,
    "Car_aos/hard_R40": 93.76536930074526,
    "Car_3d/easy_R40": 91.74657613374457,
    "Car_3d/moderate_R40": 84.81182879754309,
    "Car_3d/hard_R40": 81.45699661972282,
    "Car_bev/easy_R40": 95.13160004875175,
    "Car_bev/moderate_R40": 91.5033144207206,
    "Car_bev/hard_R40": 88.774798334246,
    "Car_image/easy_R40": 97.66544808469021,
    "Car_image/moderate_R40": 95.05296298186572,
    "Car_image/hard_R40": 94.00947573197487,
    "Pedestrian_aos/easy_R40": 51.982206582012914,
    "Pedestrian_aos/moderate_R40": 47.66343750381463,
    "Pedestrian_aos/hard_R40": 44.9951638822162,
    "Pedestrian_3d/easy_R40": 60.32566692115281,
    "Pedestrian_3d/moderate_R40": 54.502970836398234,
    "Pedestrian_3d/hard_R40": 50.87007285577626,
    "Pedestrian_bev/easy_R40": 64.84531047754643,
    "Pedestrian_bev/moderate_R40": 59.13435136845895,
    "Pedestrian_bev/hard_R40": 55.65707374392266,
    "Pedestrian_image/easy_R40": 69.6198436731587,
    "Pedestrian_image/moderate_R40": 64.17303947209581,
    "Pedestrian_image/hard_R40": 61.08585619210365,
    "Cyclist_aos/easy_R40": 92.03202679022446,
    "Cyclist_aos/moderate_R40": 81.486679372037,
    "Cyclist_aos/hard_R40": 78.09286327481321,
    "Cyclist_3d/easy_R40": 86.3073414907876,
    "Cyclist_3d/moderate_R40": 72.76164498898437,
    "Cyclist_3d/hard_R40": 68.98210555292208,
    "Cyclist_bev/easy_R40": 88.53629810463515,
    "Cyclist_bev/moderate_R40": 75.28494468341796,
    "Cyclist_bev/hard_R40": 71.59524537644815,
    "Cyclist_image/easy_R40": 92.34790297757456,
    "Cyclist_image/moderate_R40": 82.40906448665464,
    "Cyclist_image/hard_R40": 79.03697399676996
  },
  "cfg_file": "/opt/OpenPCDet/tools/cfgs/kitti_models/pointpillar.yaml",
  "ckpt": "/opt/OpenPCDet/tools/ckpt/pointpillar_7728.pth",
  "eval_result_dir": "/__modal/volumes/vo-IonADsHkUVjfGkodF5a2qa/modal_v3_a10/M4_AMP/kitti_eval_run"
}