{
  "PillarVFE": 2.000502067155325,
  "PointPillarScatter": 2.573462907304155,
  "BaseBEVBackbone": 9.505675280049386,
  "AnchorHeadSingle": 2.7457051321920076,
  "post_processing": 2.9089591986545185
}