{
  "PillarVFE": 4.983823836222757,
  "PointPillarScatter": 1.888051585127624,
  "BaseBEVBackbone": 15.991103191399604,
  "AnchorHeadSingle": 5.874970522332699,
  "post_processing": 62.617214962299236
}