{
  "metrics": {
    "recall/roi_0.3": 0.0,
    "recall/rcnn_0.3": 0.9421046591691531,
    "recall/roi_0.5": 0.0,
    "recall/rcnn_0.5": 0.8971482671563002,
    "recall/roi_0.7": 0.0,
    "recall/rcnn_0.7": 0.6876864815239844,
    "Car_aos/easy_R40": 97.64225744641776,
    "Car_aos/moderate_R40": 94.90356559035831,
    "Car_aos/hard_R40": 93.76647098696817,
    "Car_3d/easy_R40": 91.74434403562014,
    "Car_3d/moderate_R40": 84.8086190048656,
    "Car_3d/hard_R40": 81.45345642713437,
    "Car_bev/easy_R40": 95.12926324763177,
    "Car_bev/moderate_R40": 91.50053569514863,
    "Car_bev/hard_R40": 88.7708373354957,
    "Car_image/easy_R40": 97.66343344849389,
    "Car_image/moderate_R40": 95.05248462976688,
    "Car_image/hard_R40": 94.01083660045316,
    "Pedestrian_aos/easy_R40": 51.87530193208125,
    "Pedestrian_aos/moderate_R40": 47.59425836365755,
    "Pedestrian_aos/hard_R40": 44.94668000176347,
    "Pedestrian_3d/easy_R40": 60.3258909276191,
    "Pedestrian_3d/moderate_R40": 54.49803341654241,
    "Pedestrian_3d/hard_R40": 50.87068886148419,
    "Pedestrian_bev/easy_R40": 64.84569804692995,
    "Pedestrian_bev/moderate_R40": 59.13439959583929,
    "Pedestrian_bev/hard_R40": 55.65651151291132,
    "Pedestrian_image/easy_R40": 69.51666365459353,
    "Pedestrian_image/moderate_R40": 64.10074298395428,
    "Pedestrian_image/hard_R40": 61.03231403414704,
    "Cyclist_aos/easy_R40": 92.03378459336578,
    "Cyclist_aos/moderate_R40": 81.48583564861178,
    "Cyclist_aos/hard_R40": 78.09099589678125,
    "Cyclist_3d/easy_R40": 86.30296533675696,
    "Cyclist_3d/moderate_R40": 72.75995768228807,
    "Cyclist_3d/hard_R40": 68.99514960511796,
    "Cyclist_bev/easy_R40": 88.53282447255975,
    "Cyclist_bev/moderate_R40": 75.28541221229798,
    "Cyclist_bev/hard_R40": 71.59702216555515,
    "Cyclist_image/easy_R40": 92.34938454949416,
    "Cyclist_image/moderate_R40": 82.40792749425958,
    "Cyclist_image/hard_R40": 79.03498624367552
  },
  "cfg_file": "/opt/OpenPCDet/tools/cfgs/kitti_models/pointpillar.yaml",
  "ckpt": "/opt/OpenPCDet/tools/ckpt/pointpillar_7728.pth",
  "eval_result_dir": "/__modal/volumes/vo-IonADsHkUVjfGkodF5a2qa/modal_v2_t4/M4_AMP/eval/kitti_eval_run"
}