{
  "PillarVFE": 1.4505594804677855,
  "PointPillarScatter": 0.7804435945870133,
  "BaseBEVBackbone": 4.667515310686133,
  "AnchorHeadSingle": 1.4912488600786995,
  "post_processing": 2.6952668429913
}