{
  "metrics": {
    "recall/roi_0.3": 0.0,
    "recall/rcnn_0.3": 0.9365798414496036,
    "recall/roi_0.5": 0.0,
    "recall/rcnn_0.5": 0.8935447338618346,
    "recall/roi_0.7": 0.0,
    "recall/rcnn_0.7": 0.7066817667044167,
    "Car_aos/easy_R40": 96.8305341338838,
    "Car_aos/moderate_R40": 94.58221813154107,
    "Car_aos/hard_R40": 91.67434285004519,
    "Car_3d/easy_R40": 91.24501454238248,
    "Car_3d/moderate_R40": 82.75288958919799,
    "Car_3d/hard_R40": 80.88105862746865,
    "Car_bev/easy_R40": 95.79782859454629,
    "Car_bev/moderate_R40": 89.73731656681491,
    "Car_bev/hard_R40": 86.58088395244856,
    "Car_image/easy_R40": 96.84451791674539,
    "Car_image/moderate_R40": 94.71637670948977,
    "Car_image/hard_R40": 91.83209738159252,
    "Pedestrian_aos/easy_R40": 66.57261753738,
    "Pedestrian_aos/moderate_R40": 60.22293278578482,
    "Pedestrian_aos/hard_R40": 56.79393235387495,
    "Pedestrian_3d/easy_R40": 61.870781295219835,
    "Pedestrian_3d/moderate_R40": 56.01975078807525,
    "Pedestrian_3d/hard_R40": 51.59523474998213,
    "Pedestrian_bev/easy_R40": 64.2853002295008,
    "Pedestrian_bev/moderate_R40": 58.34458558085258,
    "Pedestrian_bev/hard_R40": 53.92104173789629,
    "Pedestrian_image/easy_R40": 79.66971475741784,
    "Pedestrian_image/moderate_R40": 73.95657612398419,
    "Pedestrian_image/hard_R40": 71.37798931351207,
    "Cyclist_aos/easy_R40": 40.65870667967328,
    "Cyclist_aos/moderate_R40": 68.46261711965458,
    "Cyclist_aos/hard_R40": 73.62152811372387,
    "Cyclist_3d/easy_R40": 39.43910256410257,
    "Cyclist_3d/moderate_R40": 57.86991279208825,
    "Cyclist_3d/hard_R40": 62.78088215610747,
    "Cyclist_bev/easy_R40": 39.66231884057972,
    "Cyclist_bev/moderate_R40": 60.33946461852696,
    "Cyclist_bev/hard_R40": 65.27244051500918,
    "Cyclist_image/easy_R40": 40.69164078674949,
    "Cyclist_image/moderate_R40": 68.5274957775228,
    "Cyclist_image/hard_R40": 73.69218651012127
  },
  "cfg_file": "/opt/OpenPCDet/tools/cfgs/kitti_models/pointpillar.yaml",
  "ckpt": "/opt/OpenPCDet/tools/ckpt/pointpillar_7728.pth",
  "eval_result_dir": "/__modal/volumes/vo-IonADsHkUVjfGkodF5a2qa/modal_v3_a10/M0_FP32/kitti_eval_run"
}