{
  "PillarVFE": 1.8489146241556866,
  "PointPillarScatter": 1.0691110698392006,
  "BaseBEVBackbone": 8.839002164045771,
  "AnchorHeadSingle": 2.809601720194047,
  "post_processing": 2.902309164983012
}