{
  "PillarVFE": 7.566070537543267,
  "PointPillarScatter": 2.74558117780578,
  "BaseBEVBackbone": 28.239163619555878,
  "AnchorHeadSingle": 10.166978763250892,
  "post_processing": 90.7334934993739
}