{
  "PillarVFE": 4.509361891036338,
  "PointPillarScatter": 2.903920973197689,
  "BaseBEVBackbone": 27.342254987198658,
  "AnchorHeadSingle": 7.495842243762726,
  "post_processing": 91.30116798164549
}