{
  "PillarVFE": 2.0403369835231717,
  "PointPillarScatter": 1.4014596249791649,
  "BaseBEVBackbone": 9.535594198969338,
  "AnchorHeadSingle": 2.7729499053597,
  "post_processing": 2.9493341487698324
}