{
  "PillarVFE": 7.678629452355663,
  "PointPillarScatter": 3.568288237938147,
  "BaseBEVBackbone": 39.89606852048031,
  "AnchorHeadSingle": 11.103533528176357,
  "post_processing": 155.55545742789258
}