{
  "PillarVFE": 1.1978171910153461,
  "PointPillarScatter": 0.6277625838268982,
  "BaseBEVBackbone": 4.524170130752354,
  "AnchorHeadSingle": 1.5440238711234178,
  "post_processing": 2.6462232204193765
}