{
  "metrics": {
    "recall/roi_0.3": 0.0,
    "recall/rcnn_0.3": 0.9421620380996099,
    "recall/roi_0.5": 0.0,
    "recall/rcnn_0.5": 0.8972630250172137,
    "recall/roi_0.7": 0.0,
    "recall/rcnn_0.7": 0.6873708974064724,
    "Car_aos/easy_R40": 97.65786237968479,
    "Car_aos/moderate_R40": 94.89270024247476,
    "Car_aos/hard_R40": 93.76340943469536,
    "Car_3d/easy_R40": 91.7809372558151,
    "Car_3d/moderate_R40": 84.81659834746068,
    "Car_3d/hard_R40": 81.45710649431919,
    "Car_bev/easy_R40": 95.14374970463845,
    "Car_bev/moderate_R40": 91.52742362324472,
    "Car_bev/hard_R40": 88.78889642658724,
    "Car_image/easy_R40": 97.67911745969387,
    "Car_image/moderate_R40": 95.03967720740327,
    "Car_image/hard_R40": 94.00476635095242,
    "Pedestrian_aos/easy_R40": 51.88182051970329,
    "Pedestrian_aos/moderate_R40": 47.53343547241594,
    "Pedestrian_aos/hard_R40": 44.88656697712128,
    "Pedestrian_3d/easy_R40": 60.371369122657256,
    "Pedestrian_3d/moderate_R40": 54.5432570294224,
    "Pedestrian_3d/hard_R40": 50.87794000989172,
    "Pedestrian_bev/easy_R40": 65.06734440042752,
    "Pedestrian_bev/moderate_R40": 59.25452155245525,
    "Pedestrian_bev/hard_R40": 55.77001355311728,
    "Pedestrian_image/easy_R40": 69.42942922149278,
    "Pedestrian_image/moderate_R40": 63.995205811282105,
    "Pedestrian_image/hard_R40": 60.91921831969811,
    "Cyclist_aos/easy_R40": 92.09387234188375,
    "Cyclist_aos/moderate_R40": 81.54789004016342,
    "Cyclist_aos/hard_R40": 78.15681017056963,
    "Cyclist_3d/easy_R40": 86.35679843715263,
    "Cyclist_3d/moderate_R40": 72.78470113956473,
    "Cyclist_3d/hard_R40": 69.04597696421904,
    "Cyclist_bev/easy_R40": 88.5989764850389,
    "Cyclist_bev/moderate_R40": 75.3088694016702,
    "Cyclist_bev/hard_R40": 71.6216699437044,
    "Cyclist_image/easy_R40": 92.40960405215561,
    "Cyclist_image/moderate_R40": 82.41784081918414,
    "Cyclist_image/hard_R40": 79.04882420281061
  },
  "cfg_file": "/opt/OpenPCDet/tools/cfgs/kitti_models/pointpillar.yaml",
  "ckpt": "/opt/OpenPCDet/tools/ckpt/pointpillar_7728.pth",
  "eval_result_dir": "/__modal/volumes/vo-IonADsHkUVjfGkodF5a2qa/modal_v3_a10/M2_FP32_mem_conv2d/kitti_eval_run"
}