{
  "PillarVFE": 1.6632728123097904,
  "PointPillarScatter": 0.7953336463404239,
  "BaseBEVBackbone": 4.817156326188909,
  "AnchorHeadSingle": 1.5256758145008875,
  "post_processing": 2.875621165739878
}