{
  "metrics": {
    "recall/roi_0.3": 0.0,
    "recall/rcnn_0.3": 0.9365798414496036,
    "recall/roi_0.5": 0.0,
    "recall/rcnn_0.5": 0.8935447338618346,
    "recall/roi_0.7": 0.0,
    "recall/rcnn_0.7": 0.7066817667044167,
    "Car_aos/easy_R40": 96.83066889258335,
    "Car_aos/moderate_R40": 94.59151476081524,
    "Car_aos/hard_R40": 91.68403791213726,
    "Car_3d/easy_R40": 91.30089534525017,
    "Car_3d/moderate_R40": 82.81336115388257,
    "Car_3d/hard_R40": 80.93125327376359,
    "Car_bev/easy_R40": 95.81766986438754,
    "Car_bev/moderate_R40": 89.73410235326679,
    "Car_bev/hard_R40": 86.58813252876794,
    "Car_image/easy_R40": 96.84451791674539,
    "Car_image/moderate_R40": 94.72574137591599,
    "Car_image/hard_R40": 91.84191381258245,
    "Pedestrian_aos/easy_R40": 66.49201476079051,
    "Pedestrian_aos/moderate_R40": 60.559003630238095,
    "Pedestrian_aos/hard_R40": 56.915842984378905,
    "Pedestrian_3d/easy_R40": 61.90457165191812,
    "Pedestrian_3d/moderate_R40": 56.00343547692572,
    "Pedestrian_3d/hard_R40": 51.59288059411005,
    "Pedestrian_bev/easy_R40": 64.42327350085378,
    "Pedestrian_bev/moderate_R40": 58.299118655952554,
    "Pedestrian_bev/hard_R40": 53.95493424759965,
    "Pedestrian_image/easy_R40": 79.69135977906285,
    "Pedestrian_image/moderate_R40": 74.08826990319722,
    "Pedestrian_image/hard_R40": 71.40017924082159,
    "Cyclist_aos/easy_R40": 40.657954518383995,
    "Cyclist_aos/moderate_R40": 68.35943772403189,
    "Cyclist_aos/hard_R40": 73.52393695187307,
    "Cyclist_3d/easy_R40": 39.43910256410257,
    "Cyclist_3d/moderate_R40": 57.81949262402103,
    "Cyclist_3d/hard_R40": 62.73208335730867,
    "Cyclist_bev/easy_R40": 39.66231884057972,
    "Cyclist_bev/moderate_R40": 60.2869436101236,
    "Cyclist_bev/hard_R40": 65.2217648393335,
    "Cyclist_image/easy_R40": 40.69164078674949,
    "Cyclist_image/moderate_R40": 68.42180382254367,
    "Cyclist_image/hard_R40": 73.59258259334278
  },
  "cfg_file": "/opt/OpenPCDet/tools/cfgs/kitti_models/pointpillar.yaml",
  "ckpt": "/opt/OpenPCDet/tools/ckpt/pointpillar_7728.pth",
  "eval_result_dir": "/__modal/volumes/vo-IonADsHkUVjfGkodF5a2qa/modal_v3_a10/M4_FP32/kitti_eval_run"
}