{
  "metrics": {
    "recall/roi_0.3": 0.0,
    "recall/rcnn_0.3": 0.9365798414496036,
    "recall/roi_0.5": 0.0,
    "recall/rcnn_0.5": 0.8935447338618346,
    "recall/roi_0.7": 0.0,
    "recall/rcnn_0.7": 0.7089467723669309,
    "Car_aos/easy_R40": 96.83065931876766,
    "Car_aos/moderate_R40": 94.59151443093225,
    "Car_aos/hard_R40": 91.68403721776892,
    "Car_3d/easy_R40": 91.28672269145582,
    "Car_3d/moderate_R40": 82.81336115388257,
    "Car_3d/hard_R40": 80.93125327376359,
    "Car_bev/easy_R40": 95.81766986438754,
    "Car_bev/moderate_R40": 89.73410235326679,
    "Car_bev/hard_R40": 86.58813252876794,
    "Car_image/easy_R40": 96.84451791674539,
    "Car_image/moderate_R40": 94.72574137591599,
    "Car_image/hard_R40": 91.84191381258245,
    "Pedestrian_aos/easy_R40": 66.49199719827037,
    "Pedestrian_aos/moderate_R40": 60.558959029094964,
    "Pedestrian_aos/hard_R40": 56.91580480659799,
    "Pedestrian_3d/easy_R40": 61.90457165191812,
    "Pedestrian_3d/moderate_R40": 56.000288608859506,
    "Pedestrian_3d/hard_R40": 51.58966349157787,
    "Pedestrian_bev/easy_R40": 64.42327350085378,
    "Pedestrian_bev/moderate_R40": 58.29583484888967,
    "Pedestrian_bev/hard_R40": 53.951561478815925,
    "Pedestrian_image/easy_R40": 79.69135977906285,
    "Pedestrian_image/moderate_R40": 74.08826990319722,
    "Pedestrian_image/hard_R40": 71.40017924082159,
    "Cyclist_aos/easy_R40": 40.657967115659794,
    "Cyclist_aos/moderate_R40": 68.35946479365376,
    "Cyclist_aos/hard_R40": 73.52396956881726,
    "Cyclist_3d/easy_R40": 39.43910256410257,
    "Cyclist_3d/moderate_R40": 57.830446859658814,
    "Cyclist_3d/hard_R40": 62.7432716289136,
    "Cyclist_bev/easy_R40": 39.66231884057972,
    "Cyclist_bev/moderate_R40": 60.29890533261164,
    "Cyclist_bev/hard_R40": 65.23393621226437,
    "Cyclist_image/easy_R40": 40.69164078674949,
    "Cyclist_image/moderate_R40": 68.42180382254367,
    "Cyclist_image/hard_R40": 73.59258259334278
  },
  "cfg_file": "/opt/OpenPCDet/tools/cfgs/kitti_models/pointpillar.yaml",
  "ckpt": "/opt/OpenPCDet/tools/ckpt/pointpillar_7728.pth",
  "eval_result_dir": "/__modal/volumes/vo-IonADsHkUVjfGkodF5a2qa/modal_v3_a10/M4_FP32/kitti_eval_run"
}