{
  "metrics": {
    "recall/roi_0.3": 0.0,
    "recall/rcnn_0.3": 0.9365798414496036,
    "recall/roi_0.5": 0.0,
    "recall/rcnn_0.5": 0.8935447338618346,
    "recall/roi_0.7": 0.0,
    "recall/rcnn_0.7": 0.7089467723669309,
    "Car_aos/easy_R40": 96.83051549357276,
    "Car_aos/moderate_R40": 94.58610427869874,
    "Car_aos/hard_R40": 91.66506641888145,
    "Car_3d/easy_R40": 91.24501454238248,
    "Car_3d/moderate_R40": 82.7699006012551,
    "Car_3d/hard_R40": 80.8851846132737,
    "Car_bev/easy_R40": 95.7993908992582,
    "Car_bev/moderate_R40": 89.73652236530224,
    "Car_bev/hard_R40": 86.58562848054432,
    "Car_image/easy_R40": 96.84451791674539,
    "Car_image/moderate_R40": 94.71734506034798,
    "Car_image/hard_R40": 91.82540727964819,
    "Pedestrian_aos/easy_R40": 66.55723986045633,
    "Pedestrian_aos/moderate_R40": 60.22420461656186,
    "Pedestrian_aos/hard_R40": 56.780773873906575,
    "Pedestrian_3d/easy_R40": 61.870781295219835,
    "Pedestrian_3d/moderate_R40": 55.9890321675381,
    "Pedestrian_3d/hard_R40": 51.59862451487387,
    "Pedestrian_bev/easy_R40": 64.2853002295008,
    "Pedestrian_bev/moderate_R40": 58.34191727214979,
    "Pedestrian_bev/hard_R40": 53.92053796571843,
    "Pedestrian_image/easy_R40": 79.66971475741784,
    "Pedestrian_image/moderate_R40": 73.96989384034474,
    "Pedestrian_image/hard_R40": 71.36681432768317,
    "Cyclist_aos/easy_R40": 40.65863398342142,
    "Cyclist_aos/moderate_R40": 68.43967199389421,
    "Cyclist_aos/hard_R40": 73.5982834997372,
    "Cyclist_3d/easy_R40": 39.43910256410257,
    "Cyclist_3d/moderate_R40": 57.85923241234141,
    "Cyclist_3d/hard_R40": 62.769966769175824,
    "Cyclist_bev/easy_R40": 39.66231884057972,
    "Cyclist_bev/moderate_R40": 60.32780960687194,
    "Cyclist_bev/hard_R40": 65.26057342640159,
    "Cyclist_image/easy_R40": 40.69164078674949,
    "Cyclist_image/moderate_R40": 68.50457024915228,
    "Cyclist_image/hard_R40": 73.66898726273725
  },
  "cfg_file": "/opt/OpenPCDet/tools/cfgs/kitti_models/pointpillar.yaml",
  "ckpt": "/opt/OpenPCDet/tools/ckpt/pointpillar_7728.pth",
  "eval_result_dir": "/__modal/volumes/vo-IonADsHkUVjfGkodF5a2qa/modal_v3_a10/M1_AMP/kitti_eval_run"
}