{
  "PillarVFE": 3.224680928921371,
  "PointPillarScatter": 6.568550165961771,
  "BaseBEVBackbone": 23.76016570032762,
  "AnchorHeadSingle": 5.465321969926283,
  "post_processing": 3.9887371600345616
}