{
  "PillarVFE": 2.819025061754172,
  "PointPillarScatter": 1.3670589868655343,
  "BaseBEVBackbone": 14.678462460581143,
  "AnchorHeadSingle": 4.816459053001356,
  "post_processing": 4.651197325750645
}