{
  "PillarVFE": 1.8019875641609164,
  "PointPillarScatter": 1.735940845946645,
  "BaseBEVBackbone": 7.191270169388218,
  "AnchorHeadSingle": 2.6939921686437462,
  "post_processing": 2.9015704439638257
}