{
  "PillarVFE": 1.8293834090680443,
  "PointPillarScatter": 1.9109315448469752,
  "BaseBEVBackbone": 6.977335384999109,
  "AnchorHeadSingle": 2.847900313041983,
  "post_processing": 2.937011063770299
}